Account,LastName,FirstName,MiddleInitial,City,State,ZipCode,Country,Date,BilledAmount
9001.0,Newton,Ronald,M,Atlanta,GA,30301,USA,2025-12-15,20.78
6001.0,Williams,Jean,L,Overland Park,KS,66214,USA,2026-05-15,24.44
6001.0,Williams,Jean,L,Overland Park,KS,66214,USA,2026-06-15,12.22
9001.0,Newton,Ronald,M,Atlanta,GA,30301,USA,2026-03-15,2000.0
9001.0,Newton,Ronald,M,Atlanta,GA,30301,USA,2026-04-15,200.78
6001.0,Williams,Jean,L,Overland Park,KS,66214,USA,2026-04-15,24.44
6001.0,Williams,Jean,L,Overland Park,KS,66214,USA,2026-03-15,12.22
6001.0,Williams,Jean,L,Overland Park,KS,66214,USA,2026-02-15,24.44
6001.0,Williams,Jean,L,Overland Park,KS,66214,USA,2026-01-15,12.22
6001.0,Williams,Jean,L,Overland Park,KS,66214,USA,2026-04-15,24.44
6001.0,Williams,Jean,L,Overland Park,KS,66214,USA,2026-03-15,12.22
9110.0,Robinson,Matthew,M,Birmingham,AL,35203,USA,2026-06-08,608.15
6550.0,King,Michelle,N,Anchorage,AK,99501,USA,2026-06-15,840.38
7058.0,Hall,Steven,L,Phoenix,AZ,85004,USA,2026-05-15,915.14
9974.0,Hall,Mary,B,Little Rock,AR,72201,USA,2026-02-25,481.15
8154.0,Hall,William,F,Los Angeles,CA,90012,USA,2026-06-02,919.5
7581.0,Hall,Sandra,S,Denver,CO,80202,USA,2026-01-16,2349.14
6861.0,Lewis,Kimberly,O,Hartford,CT,6103,USA,2026-06-05,194.22
9816.0,Anderson,Mark,S,Wilmington,DE,19801,USA,2026-02-03,689.94
6995.0,King,James,H,Miami,FL,33130,USA,2026-03-22,1232.94
8477.0,Baker,Paul,W,Atlanta,GA,30303,USA,2026-06-04,986.65
6245.0,Thompson,Michelle,D,Honolulu,HI,96813,USA,2026-04-07,822.0
8630.0,Brown,Donna,N,Boise,ID,83702,USA,2026-03-12,1024.38
7153.0,Brown,Robert,S,Chicago,IL,60601,USA,2026-06-09,561.31
9767.0,Young,Michelle,H,Indianapolis,IN,46204,USA,2026-03-12,1710.73
7421.0,Harris,Robert,H,Des Moines,IA,50309,USA,2026-06-12,1175.88
8124.0,Hall,Emily,M,Overland Park,KS,66204,USA,2026-05-05,2139.66
9960.0,Walker,Donald,A,Louisville,KY,40202,USA,2026-03-26,177.97
9289.0,King,Paul,T,New Orleans,LA,70112,USA,2026-06-04,67.72
7955.0,King,Patricia,Q,Portland,ME,4101,USA,2026-06-13,2479.85
6148.0,Carter,Thomas,H,Baltimore,MD,21201,USA,2026-03-20,705.17
7186.0,Phillips,Sandra,C,Boston,MA,2108,USA,2026-06-16,338.88
9348.0,Roberts,Donald,J,Detroit,MI,48226,USA,2026-04-13,2197.26
9877.0,Young,Jennifer,F,Minneapolis,MN,55401,USA,2026-05-31,1838.14
9722.0,Torres,Emily,B,Jackson,MS,39201,USA,2026-02-01,2316.78
6978.0,Adams,Jennifer,N,Kansas City,MO,64106,USA,2026-06-06,2003.9
8872.0,Allen,Nancy,E,Billings,MT,59101,USA,2026-04-29,1348.97
8552.0,Smith,Barbara,U,Omaha,NE,68102,USA,2026-04-30,1818.89
9112.0,Martin,Patricia,G,Las Vegas,NV,89101,USA,2026-04-13,2250.06
7484.0,Perez,Elizabeth,M,Manchester,NH,3101,USA,2026-04-04,1059.36
7058.0,Adams,Mary,Z,Newark,NJ,7102,USA,2026-04-18,1326.88
8343.0,Baker,Jessica,Y,Albuquerque,NM,87102,USA,2026-01-07,2098.62
7939.0,King,Joshua,F,New York,NY,10001,USA,2026-01-20,585.23
8729.0,Smith,Andrew,W,Charlotte,NC,28202,USA,2026-04-01,2251.08
6372.0,Rodriguez,Michael,M,Fargo,ND,58102,USA,2026-06-09,171.87
8080.0,Robinson,Kimberly,S,Columbus,OH,43215,USA,2026-03-12,2411.88
8176.0,Thomas,Barbara,R,Oklahoma City,OK,73102,USA,2026-05-21,176.51
8459.0,Nelson,John,D,Portland,OR,97205,USA,2026-02-20,2430.26
9718.0,Nguyen,Anthony,A,Philadelphia,PA,19103,USA,2026-06-10,1071.96
8124.0,Nguyen,Joseph,U,Providence,RI,2903,USA,2026-01-09,2010.1
6864.0,King,Susan,R,Columbia,SC,29201,USA,2026-05-22,918.52
9326.0,Garcia,Jennifer,G,Sioux Falls,SD,57104,USA,2026-06-15,1316.86
7885.0,Hill,Joshua,S,Nashville,TN,37203,USA,2026-06-05,258.86
8103.0,Mitchell,Mark,E,Dallas,TX,75201,USA,2026-04-20,1733.67
7730.0,Nelson,Michael,F,Salt Lake City,UT,84101,USA,2026-01-15,1897.56
6725.0,Parker,Emily,M,Burlington,VT,5401,USA,2026-05-21,952.84
7566.0,Garcia,James,D,Richmond,VA,23219,USA,2026-01-25,337.74
8467.0,White,Nancy,E,Seattle,WA,98101,USA,2026-05-22,1677.93
8177.0,Perez,Joseph,R,Charleston,WV,25301,USA,2026-04-17,286.45
9496.0,Phillips,Kimberly,A,Milwaukee,WI,53202,USA,2026-06-01,1717.7
9268.0,Scott,John,W,Cheyenne,WY,82001,USA,2026-04-14,1972.16
8986.0,Mitchell,Daniel,M,Milwaukee,WI,53202,USA,2026-01-10,1495.11
7996.0,Hill,James,R,Portland,ME,4101,USA,2026-06-05,1174.32
8792.0,Thompson,Karen,A,Detroit,MI,48226,USA,2026-02-09,84.3
7218.0,Jackson,Paul,I,Miami,FL,33130,USA,2026-05-22,1084.49
6305.0,Garcia,Anthony,I,Des Moines,IA,50309,USA,2026-01-13,1993.87
6649.0,Parker,Donna,L,Omaha,NE,68102,USA,2026-02-06,1022.28
8854.0,Walker,Lisa,D,Detroit,MI,48226,USA,2026-04-02,1664.98
6351.0,Turner,Andrew,O,Overland Park,KS,66204,USA,2026-04-29,2415.16
6255.0,Wright,Thomas,Z,Portland,ME,4101,USA,2026-04-12,682.56
8512.0,Anderson,Mary,L,Charlotte,NC,28202,USA,2026-02-01,2092.26
7251.0,White,Sarah,M,Des Moines,IA,50309,USA,2026-04-30,1569.02
6692.0,Young,Nancy,W,Chicago,IL,60601,USA,2026-06-02,768.21
9713.0,Turner,Betty,C,Salt Lake City,UT,84101,USA,2026-05-03,207.46
8626.0,Roberts,Margaret,K,Charlotte,NC,28202,USA,2026-05-09,675.69
7566.0,White,Joseph,A,Wilmington,DE,19801,USA,2026-02-01,2041.03
6513.0,Young,Thomas,M,Little Rock,AR,72201,USA,2026-04-26,1637.58
8181.0,Lee,Christopher,X,Las Vegas,NV,89101,USA,2026-01-03,2062.43
6927.0,Perez,Margaret,L,Fargo,ND,58102,USA,2026-06-04,2167.11
9912.0,Johnson,Michael,O,Phoenix,AZ,85004,USA,2026-03-29,1422.24
8630.0,Rodriguez,Jennifer,Q,Manchester,NH,3101,USA,2026-02-02,909.67
8569.0,White,Margaret,I,Indianapolis,IN,46204,USA,2026-01-05,2054.27
6417.0,Johnson,Andrew,L,Seattle,WA,98101,USA,2026-04-28,1062.71
9565.0,Jackson,Michelle,F,Chicago,IL,60601,USA,2026-05-03,2426.55
7999.0,Scott,Betty,N,Fargo,ND,58102,USA,2026-06-07,619.58
8420.0,Thomas,Elizabeth,K,Louisville,KY,40202,USA,2026-04-12,1523.53
7125.0,Young,Steven,G,Overland Park,KS,66204,USA,2026-02-03,1153.01
6711.0,Nelson,Kimberly,U,Columbia,SC,29201,USA,2026-04-02,167.96
9915.0,Wright,Paul,J,Kansas City,MO,64106,USA,2026-02-23,607.73
9701.0,Lee,Patricia,V,New Orleans,LA,70112,USA,2026-02-12,833.41
9797.0,Anderson,Paul,A,Kansas City,MO,64106,USA,2026-02-15,2283.29
7051.0,Thompson,Sarah,T,Fargo,ND,58102,USA,2026-06-04,2072.24
6531.0,Garcia,Donna,J,New Orleans,LA,70112,USA,2026-03-30,614.52
9672.0,Carter,Nancy,K,Detroit,MI,48226,USA,2026-06-12,2225.0
9014.0,Thomas,Paul,U,Anchorage,AK,99501,USA,2026-06-04,200.68
6491.0,Green,Karen,R,Boston,MA,2108,USA,2026-04-23,1265.91
7636.0,Nelson,Lisa,G,Detroit,MI,48226,USA,2026-01-14,2244.9
8350.0,Nelson,Sarah,A,Billings,MT,59101,USA,2026-03-15,2352.5
9343.0,Hall,Matthew,O,Omaha,NE,68102,USA,2026-02-01,966.7
7572.0,Roberts,Michael,D,Boise,ID,83702,USA,2026-02-25,1503.13
6299.0,Martin,Steven,I,Sioux Falls,SD,57104,USA,2026-05-14,2084.93
8977.0,Campbell,Joseph,C,Boise,ID,83702,USA,2026-01-01,1308.91
7885.0,Johnson,Barbara,C,Boise,ID,83702,USA,2026-05-02,598.28
7863.0,Hall,Michael,J,Charlotte,NC,28202,USA,2026-04-16,2340.32
9451.0,Brown,Sandra,E,Boston,MA,2108,USA,2026-03-08,878.48
8655.0,Thomas,Donna,Q,New Orleans,LA,70112,USA,2026-04-27,2296.97
9888.0,Harris,Emily,C,Miami,FL,33130,USA,2026-05-15,498.84
6792.0,Anderson,Steven,F,Louisville,KY,40202,USA,2026-03-12,1194.39
9238.0,Nguyen,Margaret,S,Atlanta,GA,30303,USA,2026-01-20,715.4
9525.0,Parker,David,N,Sioux Falls,SD,57104,USA,2026-03-17,836.12
6836.0,Perez,Lisa,W,Dallas,TX,75201,USA,2026-02-13,1894.11
7844.0,Mitchell,Charles,B,Providence,RI,2903,USA,2026-03-10,1553.22
9100.0,Lee,William,T,Philadelphia,PA,19103,USA,2026-02-19,829.63
6471.0,Martin,Karen,Z,Manchester,NH,3101,USA,2026-05-14,1391.22
7315.0,Brown,Karen,Q,Seattle,WA,98101,USA,2026-03-14,1267.88
8733.0,Lewis,Thomas,E,Boston,MA,2108,USA,2026-03-03,2305.89
7167.0,Scott,Betty,F,Denver,CO,80202,USA,2026-05-13,2094.05
7837.0,Perez,Robert,O,Charleston,WV,25301,USA,2026-05-26,838.12
6691.0,Garcia,Paul,C,Newark,NJ,7102,USA,2026-06-16,2373.5
8114.0,Jackson,Emily,R,Boston,MA,2108,USA,2026-02-17,866.75
7563.0,King,Michael,E,Portland,ME,4101,USA,2026-03-01,1697.42
8469.0,Thomas,Sarah,Q,Charlotte,NC,28202,USA,2026-01-17,406.64
9909.0,Roberts,Ashley,H,Albuquerque,NM,87102,USA,2026-03-13,634.84
6521.0,Robinson,Andrew,Q,Kansas City,MO,64106,USA,2026-06-15,941.17
9176.0,King,Thomas,D,Little Rock,AR,72201,USA,2026-01-12,13.09
8550.0,Hall,Donald,V,Louisville,KY,40202,USA,2026-05-29,173.76
6018.0,White,William,W,Atlanta,GA,30303,USA,2026-04-13,453.8
7123.0,Lewis,Robert,V,Denver,CO,80202,USA,2026-03-20,1718.7
6247.0,Rodriguez,Christopher,V,Phoenix,AZ,85004,USA,2026-01-19,1523.05
9693.0,Taylor,Jessica,Y,Newark,NJ,7102,USA,2026-05-24,1996.32
8119.0,Carter,Barbara,Z,Omaha,NE,68102,USA,2026-05-28,1094.94
7436.0,Robinson,Susan,H,Sioux Falls,SD,57104,USA,2026-06-04,1229.63
9270.0,Parker,Steven,A,Las Vegas,NV,89101,USA,2026-01-09,1983.25
8115.0,White,Charles,M,New Orleans,LA,70112,USA,2026-06-08,515.52
7692.0,Thomas,Jennifer,A,Portland,OR,97205,USA,2026-06-15,1122.59
9864.0,Young,Susan,B,Fargo,ND,58102,USA,2026-05-02,480.63
7512.0,Scott,Sandra,S,Hartford,CT,6103,USA,2026-06-16,2121.14
6815.0,Taylor,Joseph,Z,Jackson,MS,39201,USA,2026-03-10,2321.89
7375.0,Wright,Lisa,P,Atlanta,GA,30303,USA,2026-02-07,1552.57
9367.0,Young,Sarah,E,Boston,MA,2108,USA,2026-02-03,832.95
6345.0,Scott,Jennifer,A,Louisville,KY,40202,USA,2026-03-28,1365.85
7221.0,Clark,Linda,L,Nashville,TN,37203,USA,2026-01-06,358.07
7671.0,Phillips,Robert,O,Sioux Falls,SD,57104,USA,2026-05-04,2319.29
6879.0,Smith,Lisa,K,Minneapolis,MN,55401,USA,2026-04-25,208.34
7870.0,Lee,Robert,M,Burlington,VT,5401,USA,2026-01-11,945.25
9815.0,Martin,Jessica,F,Hartford,CT,6103,USA,2026-01-10,15.44
8436.0,Martinez,Mark,Z,Des Moines,IA,50309,USA,2026-02-22,691.55
6648.0,Jackson,Lisa,R,Honolulu,HI,96813,USA,2026-02-14,921.96
8853.0,King,Jessica,L,Philadelphia,PA,19103,USA,2026-06-16,980.7
8786.0,Green,William,G,Minneapolis,MN,55401,USA,2026-04-07,2448.49
9118.0,Wright,Barbara,N,Los Angeles,CA,90012,USA,2026-01-12,2235.09
6997.0,Harris,Steven,L,Nashville,TN,37203,USA,2026-06-09,1100.15
7140.0,Adams,Jennifer,V,Fargo,ND,58102,USA,2026-01-26,377.73
8076.0,Martinez,Mary,V,Salt Lake City,UT,84101,USA,2026-03-19,2408.6
8056.0,Allen,Thomas,L,Burlington,VT,5401,USA,2026-01-01,2021.87
7210.0,Green,Donald,G,Miami,FL,33130,USA,2026-01-05,1592.05
7530.0,Wright,Anthony,X,Little Rock,AR,72201,USA,2026-03-23,835.37
6741.0,Hill,Donna,R,Baltimore,MD,21201,USA,2026-06-12,1060.19
8793.0,Lee,Steven,J,Des Moines,IA,50309,USA,2026-05-06,630.52
6773.0,Thompson,Sandra,O,Hartford,CT,6103,USA,2026-04-23,2002.44
8846.0,Hall,Donna,O,Portland,ME,4101,USA,2026-02-07,1991.24
6871.0,Lee,Anthony,Y,New Orleans,LA,70112,USA,2026-02-20,1460.75
6615.0,Harris,Lisa,R,Chicago,IL,60601,USA,2026-01-22,750.1
9076.0,Carter,Joseph,O,Charlotte,NC,28202,USA,2026-02-03,2408.83
9901.0,Johnson,Jennifer,V,Hartford,CT,6103,USA,2026-04-10,1978.23
9479.0,Martin,Michael,I,Billings,MT,59101,USA,2026-02-20,2309.43
6024.0,Nelson,Betty,D,Salt Lake City,UT,84101,USA,2026-04-16,1664.65
8444.0,Clark,Daniel,B,Overland Park,KS,66204,USA,2026-02-02,241.93
9315.0,Hill,Karen,W,Sioux Falls,SD,57104,USA,2026-05-03,160.69
9709.0,Young,Ashley,P,Manchester,NH,3101,USA,2026-05-24,1558.56
8341.0,Garcia,Richard,M,Las Vegas,NV,89101,USA,2026-05-24,1853.56
6184.0,Parker,Donna,Q,Overland Park,KS,66204,USA,2026-06-14,1184.17
8335.0,Johnson,Thomas,W,Seattle,WA,98101,USA,2026-05-29,59.23
6149.0,Green,Donald,Q,Albuquerque,NM,87102,USA,2026-04-13,749.21
9765.0,Lewis,Margaret,X,Salt Lake City,UT,84101,USA,2026-01-24,2384.01
9048.0,Garcia,Christopher,Y,Dallas,TX,75201,USA,2026-04-05,808.18
8638.0,Nguyen,Steven,Y,New York,NY,10001,USA,2026-03-16,2043.41
8115.0,Hall,Sarah,V,Boise,ID,83702,USA,2026-04-18,1989.31
8317.0,Taylor,Jennifer,I,Providence,RI,2903,USA,2026-04-03,444.21
8916.0,Taylor,Daniel,U,Albuquerque,NM,87102,USA,2026-05-25,654.34
9677.0,Clark,Sarah,E,Milwaukee,WI,53202,USA,2026-05-03,248.88
7201.0,Roberts,Paul,H,Philadelphia,PA,19103,USA,2026-02-18,1850.23
8256.0,Taylor,Joseph,I,Charleston,WV,25301,USA,2026-01-11,2138.65
6925.0,Johnson,Anthony,L,Hartford,CT,6103,USA,2026-02-19,1699.5
9862.0,Wright,Michelle,I,New Orleans,LA,70112,USA,2026-05-16,509.89
6863.0,Parker,Karen,T,Boise,ID,83702,USA,2026-04-01,71.0
7425.0,Martinez,Linda,G,Phoenix,AZ,85004,USA,2026-02-09,1253.4
9484.0,King,Joseph,M,Richmond,VA,23219,USA,2026-01-28,2473.95
9995.0,Adams,Barbara,X,Anchorage,AK,99501,USA,2026-06-03,1693.29
8950.0,Harris,Charles,X,Newark,NJ,7102,USA,2026-05-12,939.66
7682.0,Thomas,Kimberly,I,Denver,CO,80202,USA,2026-03-13,1718.2
8845.0,White,Charles,P,Portland,OR,97205,USA,2026-06-09,781.89
6344.0,Mitchell,Margaret,L,Columbia,SC,29201,USA,2026-03-21,1218.08
6672.0,White,Donald,D,Portland,OR,97205,USA,2026-02-27,321.74
8216.0,Harris,Linda,Q,Charlotte,NC,28202,USA,2026-01-22,2059.54
6983.0,Garcia,Thomas,K,Cheyenne,WY,82001,USA,2026-03-13,894.97
8261.0,Phillips,Lisa,T,Oklahoma City,OK,73102,USA,2026-01-28,765.18
9675.0,Clark,Michelle,W,Fargo,ND,58102,USA,2026-04-19,1946.34
9010.0,Hall,Thomas,G,Detroit,MI,48226,USA,2026-06-10,484.39
8144.0,Garcia,David,K,Sioux Falls,SD,57104,USA,2026-04-14,1359.12
9794.0,Hill,Charles,P,Oklahoma City,OK,73102,USA,2026-05-23,2249.8
7986.0,Smith,Joshua,I,Billings,MT,59101,USA,2026-01-29,305.51
8118.0,Thompson,Ashley,M,Minneapolis,MN,55401,USA,2026-05-23,1187.33
6115.0,Green,Joseph,F,Newark,NJ,7102,USA,2026-03-02,529.06
7670.0,Harris,Karen,C,Minneapolis,MN,55401,USA,2026-04-01,2151.92
8843.0,Harris,Andrew,R,Phoenix,AZ,85004,USA,2026-01-15,1985.58
9825.0,Thomas,Sandra,B,Atlanta,GA,30303,USA,2026-03-05,383.06
6937.0,Walker,Mark,K,Salt Lake City,UT,84101,USA,2026-04-09,2215.95
6164.0,Phillips,Charles,R,Milwaukee,WI,53202,USA,2026-02-28,2287.89
9775.0,Clark,Mary,C,New Orleans,LA,70112,USA,2026-06-06,1908.38
8622.0,Turner,Jennifer,E,Denver,CO,80202,USA,2026-04-02,2409.99
9713.0,Turner,Linda,E,Richmond,VA,23219,USA,2026-06-10,2312.84
8159.0,Nguyen,David,A,Overland Park,KS,66204,USA,2026-04-06,2402.03
8989.0,Smith,Margaret,H,Overland Park,KS,66204,USA,2026-01-02,251.93
8303.0,Lewis,Paul,D,Boston,MA,2108,USA,2026-02-18,145.62
7867.0,Garcia,Susan,S,Atlanta,GA,30303,USA,2026-05-11,835.95
7596.0,Lewis,Anthony,W,Miami,FL,33130,USA,2026-05-01,550.48
7137.0,Phillips,Emily,Z,Portland,ME,4101,USA,2026-06-16,2030.27
9925.0,Brown,Jennifer,L,Portland,ME,4101,USA,2026-05-30,832.11
6458.0,Martinez,John,O,Cheyenne,WY,82001,USA,2026-02-18,823.52
6016.0,Rodriguez,Emily,L,Charleston,WV,25301,USA,2026-01-25,818.47
6312.0,Robinson,Jennifer,T,Portland,ME,4101,USA,2026-04-05,851.32
8759.0,Adams,Margaret,H,Billings,MT,59101,USA,2026-01-10,1512.51
8801.0,Thomas,Richard,H,Milwaukee,WI,53202,USA,2026-02-05,653.66
9841.0,Turner,Jessica,Y,Columbia,SC,29201,USA,2026-01-12,2320.08
8300.0,Hill,Andrew,J,Jackson,MS,39201,USA,2026-02-20,545.13
7808.0,Taylor,Richard,N,Burlington,VT,5401,USA,2026-04-23,2056.93
6548.0,Allen,Donna,U,Boston,MA,2108,USA,2026-03-09,307.71
6740.0,White,Margaret,Y,Des Moines,IA,50309,USA,2026-06-16,1163.77
9584.0,Carter,Donald,K,Baltimore,MD,21201,USA,2026-01-10,912.23
9238.0,Carter,Daniel,N,Boise,ID,83702,USA,2026-06-15,708.99
7059.0,Thompson,Daniel,O,Nashville,TN,37203,USA,2026-02-05,1262.15
7027.0,Roberts,Nancy,Q,Wilmington,DE,19801,USA,2026-01-01,1590.97
6240.0,Mitchell,Lisa,F,Baltimore,MD,21201,USA,2026-05-26,876.36
6616.0,Phillips,Mary,Y,Charlotte,NC,28202,USA,2026-01-08,2068.08
8931.0,Scott,Linda,X,Jackson,MS,39201,USA,2026-03-03,1247.34
9453.0,Mitchell,Joseph,H,Anchorage,AK,99501,USA,2026-05-02,91.89
8069.0,Young,Joseph,L,Burlington,VT,5401,USA,2026-05-04,334.1
7540.0,Torres,Lisa,C,Birmingham,AL,35203,USA,2026-01-13,873.35
6793.0,Carter,Karen,B,Hartford,CT,6103,USA,2026-01-04,1280.3
7483.0,Hall,Joshua,F,Billings,MT,59101,USA,2026-02-07,1846.14
8618.0,Nelson,Elizabeth,Q,Kansas City,MO,64106,USA,2026-03-16,924.4
9946.0,Scott,Donna,Y,Dallas,TX,75201,USA,2026-02-09,378.68
9860.0,Scott,Mark,G,Sioux Falls,SD,57104,USA,2026-05-27,431.71
7416.0,Torres,Steven,A,Overland Park,KS,66204,USA,2026-06-05,1139.43
8328.0,Green,Christopher,K,Cheyenne,WY,82001,USA,2026-04-04,2084.88
9575.0,Taylor,Linda,O,Louisville,KY,40202,USA,2026-06-01,972.52
8095.0,Rodriguez,John,W,Columbia,SC,29201,USA,2026-06-03,1233.97
9529.0,Parker,Barbara,B,Miami,FL,33130,USA,2026-06-06,1464.42
9739.0,Harris,Christopher,L,Des Moines,IA,50309,USA,2026-05-17,2052.47
7434.0,King,Steven,X,Kansas City,MO,64106,USA,2026-05-26,333.85
6939.0,Parker,Mary,A,Sioux Falls,SD,57104,USA,2026-01-17,1404.22
8477.0,Thompson,Christopher,N,Newark,NJ,7102,USA,2026-05-16,1615.62
9008.0,Taylor,Barbara,F,Overland Park,KS,66204,USA,2026-01-13,955.85
7437.0,Scott,Barbara,U,Miami,FL,33130,USA,2026-03-14,1866.54
8353.0,Carter,Donna,S,Charlotte,NC,28202,USA,2026-03-18,1377.88
6641.0,Martin,Jennifer,C,Columbus,OH,43215,USA,2026-01-02,886.98
9738.0,Young,Charles,D,Wilmington,DE,19801,USA,2026-04-02,2186.14
8983.0,Rodriguez,Emily,C,Seattle,WA,98101,USA,2026-06-11,1978.83
9407.0,White,Michelle,Y,Charleston,WV,25301,USA,2026-06-13,162.7
6914.0,King,Michelle,C,Milwaukee,WI,53202,USA,2026-01-29,285.59
8169.0,Allen,Jennifer,G,Little Rock,AR,72201,USA,2026-04-08,1408.62
8930.0,Torres,Ashley,T,Salt Lake City,UT,84101,USA,2026-01-25,1848.81
8770.0,Mitchell,Anthony,X,Honolulu,HI,96813,USA,2026-04-28,1075.91
8294.0,Nelson,Paul,P,Omaha,NE,68102,USA,2026-03-03,291.4
7336.0,Martinez,Emily,C,Salt Lake City,UT,84101,USA,2026-01-06,571.77
9342.0,Adams,John,X,Nashville,TN,37203,USA,2026-04-30,1957.7
8468.0,Perez,Sandra,R,Oklahoma City,OK,73102,USA,2026-04-29,285.64
6503.0,Phillips,Anthony,B,Nashville,TN,37203,USA,2026-02-19,538.63
7692.0,Hall,Mark,H,New York,NY,10001,USA,2026-03-16,1098.43
6518.0,Allen,Richard,G,Hartford,CT,6103,USA,2026-05-27,2005.45
9750.0,Clark,Elizabeth,F,Columbus,OH,43215,USA,2026-04-20,1317.83
8605.0,Taylor,Andrew,G,Portland,ME,4101,USA,2026-02-28,2400.11
6689.0,Young,Jessica,F,Charleston,WV,25301,USA,2026-05-05,1879.36
9686.0,Lewis,Lisa,G,Sioux Falls,SD,57104,USA,2026-04-29,2010.09
9187.0,Wright,Lisa,Z,Columbia,SC,29201,USA,2026-01-19,881.58
8080.0,Garcia,Karen,V,Omaha,NE,68102,USA,2026-04-09,582.75
8642.0,Torres,Margaret,O,Hartford,CT,6103,USA,2026-06-07,1692.89
6484.0,Robinson,Donna,Y,Indianapolis,IN,46204,USA,2026-03-15,2322.39
7065.0,Mitchell,Matthew,K,Louisville,KY,40202,USA,2026-05-17,500.67
9098.0,Walker,Patricia,Z,Jackson,MS,39201,USA,2026-05-09,1909.72
8562.0,Lewis,Susan,M,Portland,OR,97205,USA,2026-01-28,1787.27
6935.0,Carter,Christopher,B,Chicago,IL,60601,USA,2026-06-11,489.14
8497.0,Adams,Barbara,Z,Richmond,VA,23219,USA,2026-03-20,1191.23
9216.0,Taylor,Mark,E,Boise,ID,83702,USA,2026-02-24,1828.97
9947.0,Phillips,Michael,Q,Oklahoma City,OK,73102,USA,2026-02-27,113.21
8256.0,Walker,Betty,V,Charlotte,NC,28202,USA,2026-06-06,1737.2
6328.0,Thomas,Kimberly,U,Des Moines,IA,50309,USA,2026-05-07,106.57
6635.0,Taylor,Andrew,K,Jackson,MS,39201,USA,2026-05-22,2028.24
6824.0,Garcia,Mary,L,Boise,ID,83702,USA,2026-01-21,988.69
8898.0,Roberts,Richard,H,Chicago,IL,60601,USA,2026-03-20,651.75
8577.0,Carter,Robert,W,Overland Park,KS,66204,USA,2026-03-03,142.75
9516.0,Roberts,Jessica,S,Billings,MT,59101,USA,2026-04-28,1705.19
8679.0,Hall,Michael,K,Honolulu,HI,96813,USA,2026-06-05,302.56
7688.0,Martinez,Susan,L,Los Angeles,CA,90012,USA,2026-02-05,612.01
9180.0,White,Steven,O,Milwaukee,WI,53202,USA,2026-02-12,2400.26
7338.0,Allen,Donna,H,Providence,RI,2903,USA,2026-05-20,1866.4
6480.0,Nelson,Elizabeth,W,Philadelphia,PA,19103,USA,2026-03-24,1911.03
9963.0,Allen,Paul,Z,Los Angeles,CA,90012,USA,2026-04-03,1257.01
9493.0,Adams,Michael,L,Los Angeles,CA,90012,USA,2026-02-13,363.55
6283.0,Martinez,Emily,T,Omaha,NE,68102,USA,2026-02-04,985.73
6668.0,Scott,Michael,M,Overland Park,KS,66204,USA,2026-06-14,2017.29
6450.0,Hill,Barbara,X,Miami,FL,33130,USA,2026-02-20,2299.18
8385.0,Allen,Andrew,G,Las Vegas,NV,89101,USA,2026-03-06,872.71
9393.0,Thompson,Jessica,N,Chicago,IL,60601,USA,2026-02-13,1302.22
6961.0,Mitchell,Charles,O,Oklahoma City,OK,73102,USA,2026-04-18,406.02
6302.0,Lee,John,R,Little Rock,AR,72201,USA,2026-06-01,1943.1
8814.0,Clark,Steven,E,Denver,CO,80202,USA,2026-03-11,1139.54
9975.0,Campbell,Richard,C,Birmingham,AL,35203,USA,2026-04-15,999.98
6677.0,Clark,Margaret,I,Portland,ME,4101,USA,2026-06-12,501.72
6643.0,Campbell,Joseph,Q,Chicago,IL,60601,USA,2026-03-01,1117.05
7642.0,Wright,William,Q,Providence,RI,2903,USA,2026-06-16,1728.9
6068.0,Brown,Ashley,D,Los Angeles,CA,90012,USA,2026-01-10,924.04
7131.0,Roberts,Thomas,M,Providence,RI,2903,USA,2026-02-24,212.36
6369.0,Green,Barbara,W,Denver,CO,80202,USA,2026-01-22,1548.76
8960.0,Walker,Michelle,O,Atlanta,GA,30303,USA,2026-04-21,2009.66
7570.0,Baker,Thomas,J,Boston,MA,2108,USA,2026-01-05,1093.38
7193.0,Mitchell,William,G,Dallas,TX,75201,USA,2026-03-28,1197.41
6363.0,Rodriguez,Matthew,D,Boise,ID,83702,USA,2026-01-18,2259.74
7750.0,Turner,Patricia,L,Nashville,TN,37203,USA,2026-03-04,1687.75
8358.0,Robinson,Barbara,U,Baltimore,MD,21201,USA,2026-05-20,2210.32
7559.0,Green,Daniel,T,Omaha,NE,68102,USA,2026-02-07,1604.91
7244.0,Martinez,Karen,I,Louisville,KY,40202,USA,2026-02-04,1223.28
9755.0,Robinson,William,K,Cheyenne,WY,82001,USA,2026-02-13,1525.0
7769.0,Thomas,Donald,L,Charlotte,NC,28202,USA,2026-06-01,1421.54
6179.0,Taylor,Mary,O,Boise,ID,83702,USA,2026-05-23,788.71
7227.0,Martin,Jennifer,Q,Portland,ME,4101,USA,2026-04-01,1600.04
8334.0,Hall,Patricia,S,Fargo,ND,58102,USA,2026-03-26,1650.82
9134.0,Torres,Nancy,Q,Minneapolis,MN,55401,USA,2026-05-02,924.64
9972.0,Perez,Daniel,Q,Boise,ID,83702,USA,2026-03-29,291.61
8400.0,Smith,Paul,R,Boston,MA,2108,USA,2026-05-13,1384.88
8681.0,Johnson,Kimberly,P,Salt Lake City,UT,84101,USA,2026-05-08,859.85
8662.0,Anderson,Sandra,O,Minneapolis,MN,55401,USA,2026-02-18,1603.07
9260.0,Hall,Betty,D,Columbus,OH,43215,USA,2026-05-15,1636.29
6045.0,Parker,Mary,B,Des Moines,IA,50309,USA,2026-06-08,1782.66
9164.0,Thompson,Nancy,J,Nashville,TN,37203,USA,2026-04-24,2109.5
9922.0,Wright,Christopher,F,Des Moines,IA,50309,USA,2026-03-09,2107.14
6532.0,Parker,Michael,E,Baltimore,MD,21201,USA,2026-01-19,2238.54
9460.0,Lee,Michael,G,Columbia,SC,29201,USA,2026-06-02,585.33
8336.0,Garcia,Emily,F,Portland,OR,97205,USA,2026-05-08,1837.11
9947.0,Robinson,Jessica,L,Atlanta,GA,30303,USA,2026-03-26,380.35
7160.0,Turner,Matthew,C,Richmond,VA,23219,USA,2026-02-18,979.97
9785.0,Mitchell,Christopher,H,Miami,FL,33130,USA,2026-03-21,688.6
7741.0,Nelson,Christopher,I,Milwaukee,WI,53202,USA,2026-01-27,1603.13
7319.0,Young,Emily,Z,Louisville,KY,40202,USA,2026-04-22,2307.06
9984.0,White,Linda,Y,Overland Park,KS,66204,USA,2026-06-10,2325.67
8432.0,Nguyen,Susan,P,New York,NY,10001,USA,2026-01-10,127.51
9712.0,Allen,William,M,Burlington,VT,5401,USA,2026-06-02,1761.63
9668.0,Green,Sandra,N,Salt Lake City,UT,84101,USA,2026-04-12,2307.57
8777.0,Lee,Betty,H,Little Rock,AR,72201,USA,2026-05-30,1483.01
7328.0,Roberts,Ashley,H,Honolulu,HI,96813,USA,2026-02-11,434.15
7646.0,Carter,Paul,Z,Louisville,KY,40202,USA,2026-03-09,1526.32
8219.0,Phillips,Sandra,A,Omaha,NE,68102,USA,2026-02-05,2335.95
6905.0,Allen,Patricia,T,Boise,ID,83702,USA,2026-01-17,898.09
8015.0,Taylor,Elizabeth,V,Providence,RI,2903,USA,2026-01-25,904.87
6600.0,King,Robert,U,Detroit,MI,48226,USA,2026-05-24,527.6
8774.0,Nguyen,Sarah,X,Nashville,TN,37203,USA,2026-04-13,1756.24
8765.0,Torres,Susan,G,Manchester,NH,3101,USA,2026-05-25,785.39
6989.0,Garcia,Margaret,H,Las Vegas,NV,89101,USA,2026-03-03,2431.91
9619.0,Harris,Lisa,N,Phoenix,AZ,85004,USA,2026-06-09,134.66
7477.0,Rodriguez,Andrew,H,Salt Lake City,UT,84101,USA,2026-06-04,267.78
9543.0,Johnson,Joseph,P,Louisville,KY,40202,USA,2026-01-02,43.31
9880.0,Carter,Margaret,F,Charlotte,NC,28202,USA,2026-01-22,1047.58
8318.0,Mitchell,Michelle,Y,Chicago,IL,60601,USA,2026-01-17,1556.23
9343.0,Taylor,Joseph,F,Minneapolis,MN,55401,USA,2026-03-19,330.41
6582.0,Nguyen,Joseph,Y,Boston,MA,2108,USA,2026-03-30,1653.32
7278.0,Parker,Thomas,K,Hartford,CT,6103,USA,2026-03-24,2377.95
8379.0,King,Steven,H,Columbia,SC,29201,USA,2026-01-07,2083.47
7475.0,Anderson,Ashley,H,Burlington,VT,5401,USA,2026-03-08,214.7
6127.0,Anderson,John,O,Billings,MT,59101,USA,2026-02-03,976.78
7118.0,White,Donald,P,Boise,ID,83702,USA,2026-05-03,208.08
8442.0,Carter,Michelle,U,Des Moines,IA,50309,USA,2026-02-04,1143.91
6066.0,Martin,Thomas,Z,New Orleans,LA,70112,USA,2026-02-09,515.98
7406.0,Scott,Steven,T,Anchorage,AK,99501,USA,2026-01-08,518.5
7427.0,Harris,Robert,T,Louisville,KY,40202,USA,2026-04-20,143.96
6371.0,Hall,Emily,T,Burlington,VT,5401,USA,2026-03-30,397.93
6749.0,Perez,Barbara,T,Seattle,WA,98101,USA,2026-06-02,689.85
8180.0,Turner,Emily,X,Las Vegas,NV,89101,USA,2026-06-11,2432.58
9566.0,Turner,Joseph,J,Los Angeles,CA,90012,USA,2026-03-03,1155.18
8238.0,Phillips,Paul,I,Louisville,KY,40202,USA,2026-04-22,1138.57
6720.0,Rodriguez,Christopher,N,Portland,OR,97205,USA,2026-02-24,230.31
8439.0,Nguyen,Donna,I,Philadelphia,PA,19103,USA,2026-06-13,313.51
9912.0,Walker,Matthew,I,Denver,CO,80202,USA,2026-05-21,2438.88
6714.0,Johnson,Daniel,K,Las Vegas,NV,89101,USA,2026-04-10,1573.58
8183.0,Brown,Daniel,X,Sioux Falls,SD,57104,USA,2026-04-24,1095.28
7007.0,Young,Mary,X,Miami,FL,33130,USA,2026-02-24,883.19
6804.0,Adams,Richard,T,Seattle,WA,98101,USA,2026-04-24,182.73
7051.0,Johnson,Mary,D,Philadelphia,PA,19103,USA,2026-01-24,160.38
9887.0,Phillips,Matthew,W,Anchorage,AK,99501,USA,2026-02-17,694.08
9695.0,White,Mark,O,Los Angeles,CA,90012,USA,2026-02-08,739.83
7592.0,Roberts,Anthony,B,Billings,MT,59101,USA,2026-04-26,1433.63
6563.0,Nguyen,Michael,M,Albuquerque,NM,87102,USA,2026-05-04,518.86
9088.0,Carter,Patricia,V,Kansas City,MO,64106,USA,2026-04-28,1135.35
6407.0,Taylor,Michelle,S,Nashville,TN,37203,USA,2026-01-10,2311.88
8500.0,Allen,David,G,Sioux Falls,SD,57104,USA,2026-03-16,2261.88
6712.0,Perez,William,W,Boise,ID,83702,USA,2026-02-11,2187.38
7144.0,Lewis,Linda,Z,Albuquerque,NM,87102,USA,2026-01-01,2460.34
9467.0,Scott,Ashley,K,Dallas,TX,75201,USA,2026-05-18,1904.55
9281.0,Thompson,Mary,M,Cheyenne,WY,82001,USA,2026-05-21,2143.11
7185.0,Harris,Sandra,T,Portland,ME,4101,USA,2026-02-02,2424.56
9748.0,Phillips,Robert,E,Burlington,VT,5401,USA,2026-06-12,1811.05
9340.0,Martin,Jennifer,Z,Louisville,KY,40202,USA,2026-03-12,1372.13
8813.0,Young,Michael,U,Sioux Falls,SD,57104,USA,2026-01-07,97.06
6181.0,Green,Paul,F,Providence,RI,2903,USA,2026-05-07,2419.95
9695.0,Hill,Linda,D,Providence,RI,2903,USA,2026-01-06,2352.11
9627.0,Martin,Lisa,V,Burlington,VT,5401,USA,2026-04-15,10.4
7211.0,Rodriguez,Kimberly,E,Columbia,SC,29201,USA,2026-05-29,296.32
8834.0,Torres,Paul,E,Albuquerque,NM,87102,USA,2026-03-12,1810.23
9043.0,Martinez,Sarah,U,Charleston,WV,25301,USA,2026-05-19,1930.32
6994.0,Parker,Matthew,G,Miami,FL,33130,USA,2026-02-16,1140.58
8093.0,Thomas,Elizabeth,G,Columbus,OH,43215,USA,2026-02-21,1852.48
8464.0,Anderson,Christopher,X,Boise,ID,83702,USA,2026-03-09,1287.42
8473.0,Clark,Mark,O,Indianapolis,IN,46204,USA,2026-02-08,1245.88
7347.0,Johnson,Ashley,C,Providence,RI,2903,USA,2026-02-05,245.94
7506.0,Torres,Barbara,G,Louisville,KY,40202,USA,2026-02-05,1049.77
6646.0,Lee,Karen,W,Birmingham,AL,35203,USA,2026-06-13,768.98
6480.0,Green,William,Y,Dallas,TX,75201,USA,2026-01-13,411.67
8090.0,King,Michelle,Z,Overland Park,KS,66204,USA,2026-03-16,1564.3
9005.0,Parker,Mary,W,Manchester,NH,3101,USA,2026-02-01,1052.44
8604.0,Harris,Linda,H,Jackson,MS,39201,USA,2026-01-13,1333.13
8584.0,Garcia,Barbara,H,Columbus,OH,43215,USA,2026-03-14,2210.02
6982.0,Martinez,Michelle,G,Manchester,NH,3101,USA,2026-05-27,900.48
6026.0,Thompson,Mark,A,Burlington,VT,5401,USA,2026-03-15,268.77
8772.0,Brown,Donald,J,Baltimore,MD,21201,USA,2026-01-24,1021.15
6592.0,Scott,David,V,Honolulu,HI,96813,USA,2026-02-23,2406.48
8659.0,Clark,Charles,G,Detroit,MI,48226,USA,2026-04-30,1124.39
7212.0,King,Paul,B,Billings,MT,59101,USA,2026-06-03,1710.74
7331.0,Johnson,Christopher,T,Overland Park,KS,66204,USA,2026-02-05,1321.14
8097.0,Perez,Ashley,C,Chicago,IL,60601,USA,2026-02-05,593.48
9117.0,Johnson,Richard,G,Los Angeles,CA,90012,USA,2026-06-12,513.36
9727.0,Anderson,Sandra,Q,Portland,ME,4101,USA,2026-02-12,2203.87
8606.0,Scott,Paul,Z,Boston,MA,2108,USA,2026-02-18,384.55
8264.0,Anderson,Robert,K,Kansas City,MO,64106,USA,2026-05-20,1482.67
9906.0,Perez,Linda,J,Detroit,MI,48226,USA,2026-05-10,2348.04
6827.0,Brown,Mary,D,Jackson,MS,39201,USA,2026-06-03,347.29
8212.0,Torres,Mark,O,Jackson,MS,39201,USA,2026-01-07,1330.38
7796.0,Young,Daniel,D,Omaha,NE,68102,USA,2026-01-01,1533.22
7254.0,Allen,Sandra,W,Providence,RI,2903,USA,2026-02-12,502.0
6082.0,Nelson,Michael,D,Chicago,IL,60601,USA,2026-04-25,1262.34
8314.0,King,Ashley,I,Boise,ID,83702,USA,2026-05-07,1378.23
7624.0,Green,Christopher,H,Providence,RI,2903,USA,2026-04-23,1951.23
8360.0,Carter,Karen,H,Little Rock,AR,72201,USA,2026-04-19,1247.15
7211.0,Young,Betty,H,Honolulu,HI,96813,USA,2026-04-02,422.54
8708.0,Roberts,Betty,U,Newark,NJ,7102,USA,2026-02-28,1381.32
6931.0,Brown,David,D,Kansas City,MO,64106,USA,2026-01-11,1411.13
7215.0,Perez,Donna,T,Sioux Falls,SD,57104,USA,2026-05-29,1099.45
6332.0,Martinez,William,O,Omaha,NE,68102,USA,2026-02-21,160.78
7590.0,Phillips,Nancy,W,New York,NY,10001,USA,2026-05-14,2488.34
6222.0,Clark,Paul,G,Little Rock,AR,72201,USA,2026-01-07,1395.42
9289.0,Garcia,Paul,Z,Las Vegas,NV,89101,USA,2026-03-30,1179.26
9132.0,Phillips,David,B,Portland,ME,4101,USA,2026-06-03,2210.51
8702.0,Green,John,X,Richmond,VA,23219,USA,2026-04-25,1311.13
6806.0,Allen,Margaret,I,Baltimore,MD,21201,USA,2026-01-03,1388.59
7740.0,Roberts,Charles,I,Portland,ME,4101,USA,2026-05-05,1875.55
7886.0,Jackson,Donna,A,Little Rock,AR,72201,USA,2026-05-20,780.2
6644.0,Brown,Mark,D,Kansas City,MO,64106,USA,2026-04-09,171.93
6474.0,Clark,Ashley,Y,Milwaukee,WI,53202,USA,2026-01-02,838.1
9280.0,Walker,Joseph,K,Las Vegas,NV,89101,USA,2026-02-13,433.57
6198.0,Campbell,Jennifer,K,New Orleans,LA,70112,USA,2026-04-16,1859.74
6281.0,Garcia,David,Y,Columbus,OH,43215,USA,2026-05-31,823.73
9334.0,Campbell,Jennifer,H,Miami,FL,33130,USA,2026-05-21,2437.22
6759.0,Perez,Margaret,T,Detroit,MI,48226,USA,2026-01-10,1757.97
7797.0,Wright,Patricia,Y,Birmingham,AL,35203,USA,2026-04-14,2149.84
9191.0,Walker,Linda,X,Boston,MA,2108,USA,2026-06-05,1572.31
9489.0,Nelson,Thomas,A,Phoenix,AZ,85004,USA,2026-06-06,1368.12
8041.0,White,Steven,L,Phoenix,AZ,85004,USA,2026-02-23,1392.31
6644.0,Anderson,Paul,G,New York,NY,10001,USA,2026-06-08,850.97
9176.0,Adams,David,M,Portland,OR,97205,USA,2026-06-09,2262.97
6614.0,Robinson,Daniel,J,Dallas,TX,75201,USA,2026-03-23,1168.02
6853.0,Baker,William,N,Boston,MA,2108,USA,2026-04-02,1725.58
9211.0,Parker,Charles,I,Honolulu,HI,96813,USA,2026-05-22,477.07
9186.0,Robinson,Margaret,Y,Portland,ME,4101,USA,2026-05-06,1924.07
7793.0,Hall,Emily,I,Kansas City,MO,64106,USA,2026-03-06,2263.02
9779.0,Nguyen,Charles,S,Portland,ME,4101,USA,2026-06-04,1881.7
7141.0,Scott,Joseph,Y,Chicago,IL,60601,USA,2026-01-09,1319.63
6371.0,Harris,Michael,F,Detroit,MI,48226,USA,2026-01-09,1663.3
9870.0,Walker,Ashley,J,Cheyenne,WY,82001,USA,2026-01-04,2246.7
9852.0,Garcia,Robert,V,Fargo,ND,58102,USA,2026-01-31,882.56
9705.0,Robinson,Elizabeth,O,Richmond,VA,23219,USA,2026-01-25,795.88
8873.0,Nguyen,Thomas,D,Boston,MA,2108,USA,2026-01-29,1871.97
8900.0,Baker,Michael,O,New Orleans,LA,70112,USA,2026-01-23,953.78
6308.0,Lewis,Anthony,T,Louisville,KY,40202,USA,2026-03-17,725.43
7160.0,Carter,Linda,V,Chicago,IL,60601,USA,2026-06-02,541.49
9348.0,Perez,Barbara,E,Boise,ID,83702,USA,2026-06-06,1705.59
6279.0,Roberts,John,C,Philadelphia,PA,19103,USA,2026-04-25,2205.34
8025.0,Scott,Jennifer,T,Salt Lake City,UT,84101,USA,2026-05-17,2479.61
7124.0,Baker,John,V,Boston,MA,2108,USA,2026-06-15,658.7
6936.0,Garcia,Christopher,G,Seattle,WA,98101,USA,2026-01-27,1443.57
6865.0,Johnson,Jessica,W,Providence,RI,2903,USA,2026-06-15,218.74
9092.0,Campbell,Michelle,Q,Albuquerque,NM,87102,USA,2026-01-18,2077.3
6341.0,Hall,Anthony,N,Portland,OR,97205,USA,2026-04-24,1540.14
6899.0,Martinez,Elizabeth,M,Fargo,ND,58102,USA,2026-04-23,2373.0
6917.0,Torres,Sarah,F,Boise,ID,83702,USA,2026-05-01,1849.68
9217.0,Allen,Matthew,C,Portland,ME,4101,USA,2026-04-30,1128.31
7027.0,Carter,Sandra,P,Providence,RI,2903,USA,2026-05-13,1096.9
9407.0,Turner,John,Z,Sioux Falls,SD,57104,USA,2026-05-24,2370.57
9237.0,Mitchell,Donald,A,Des Moines,IA,50309,USA,2026-02-15,1086.92
7130.0,Nguyen,Susan,Z,Boise,ID,83702,USA,2026-02-06,1698.76
7989.0,Garcia,Donna,M,Charlotte,NC,28202,USA,2026-06-09,1004.66
8508.0,King,Sarah,C,Louisville,KY,40202,USA,2026-04-29,221.8
7140.0,Campbell,Emily,M,Indianapolis,IN,46204,USA,2026-03-31,833.85
7095.0,Adams,Christopher,X,New York,NY,10001,USA,2026-05-09,217.59
7527.0,Clark,James,W,Columbia,SC,29201,USA,2026-05-14,902.66
6354.0,Carter,Lisa,U,Philadelphia,PA,19103,USA,2026-03-28,2200.21
6659.0,Nguyen,Ashley,O,Phoenix,AZ,85004,USA,2026-02-19,1882.16
7857.0,Nguyen,Nancy,C,Portland,OR,97205,USA,2026-03-27,1266.83
6236.0,Adams,Charles,E,Overland Park,KS,66204,USA,2026-05-01,605.71
9684.0,Parker,Steven,P,Omaha,NE,68102,USA,2026-02-28,1277.89
8714.0,Turner,Kimberly,E,Portland,ME,4101,USA,2026-04-02,1965.21
9304.0,Walker,Donald,Z,Anchorage,AK,99501,USA,2026-02-20,2122.71
7767.0,Smith,Karen,E,Sioux Falls,SD,57104,USA,2026-04-15,848.62
9120.0,Thompson,Charles,F,Anchorage,AK,99501,USA,2026-03-27,395.68
8330.0,Parker,Joseph,Y,Salt Lake City,UT,84101,USA,2026-01-26,650.59
6901.0,Thompson,Joshua,Q,Billings,MT,59101,USA,2026-04-27,2400.25
6120.0,Adams,William,R,Phoenix,AZ,85004,USA,2026-05-22,1990.92
8850.0,Hall,Paul,R,Charlotte,NC,28202,USA,2026-04-30,1239.24
9644.0,King,Mary,X,Los Angeles,CA,90012,USA,2026-03-16,1132.92
8705.0,Nguyen,Susan,B,Minneapolis,MN,55401,USA,2026-03-16,198.0
6999.0,Adams,Emily,B,Salt Lake City,UT,84101,USA,2026-05-30,2417.17
7638.0,Turner,James,K,Burlington,VT,5401,USA,2026-02-14,1117.06
7415.0,White,Michelle,O,Des Moines,IA,50309,USA,2026-05-05,2006.96
8533.0,Jackson,Elizabeth,W,Columbia,SC,29201,USA,2026-02-01,2387.34
8836.0,Baker,Michael,N,Louisville,KY,40202,USA,2026-01-24,1446.71
8537.0,White,Steven,P,Salt Lake City,UT,84101,USA,2026-04-18,775.28
6552.0,Harris,Charles,T,Charlotte,NC,28202,USA,2026-05-10,1610.87
8890.0,Martin,Daniel,A,Miami,FL,33130,USA,2026-02-27,1338.72
9039.0,Carter,Lisa,L,Cheyenne,WY,82001,USA,2026-01-30,2377.38
7938.0,Rodriguez,Linda,Y,Little Rock,AR,72201,USA,2026-01-22,67.67
6837.0,Torres,Anthony,L,Des Moines,IA,50309,USA,2026-03-04,1147.08
6985.0,Allen,Daniel,L,Columbus,OH,43215,USA,2026-01-08,2404.0
8788.0,Garcia,William,E,Boston,MA,2108,USA,2026-03-13,2422.81
6510.0,Clark,Elizabeth,L,Little Rock,AR,72201,USA,2026-03-07,1558.93
8533.0,Taylor,Barbara,Y,Boise,ID,83702,USA,2026-06-12,1667.9
7252.0,King,Kimberly,L,Fargo,ND,58102,USA,2026-03-05,1410.96
7969.0,Baker,Patricia,R,Charleston,WV,25301,USA,2026-02-14,1371.97
6617.0,Nelson,Thomas,P,Columbia,SC,29201,USA,2026-05-22,1391.62
7416.0,Lee,Jennifer,T,Salt Lake City,UT,84101,USA,2026-01-29,1165.89
7793.0,Rodriguez,Susan,Y,Burlington,VT,5401,USA,2026-06-04,360.67
6726.0,Parker,Karen,T,Hartford,CT,6103,USA,2026-05-15,247.53
6893.0,Lee,Thomas,B,Milwaukee,WI,53202,USA,2026-04-08,2122.99
7849.0,Perez,William,W,Atlanta,GA,30303,USA,2026-06-01,318.54
9998.0,Wright,Michael,J,Kansas City,MO,64106,USA,2026-01-13,979.03
8824.0,Phillips,Andrew,H,Fargo,ND,58102,USA,2026-02-26,951.75
9728.0,Campbell,John,O,Las Vegas,NV,89101,USA,2026-03-22,2403.64
8095.0,Thompson,Donna,Q,Denver,CO,80202,USA,2026-03-03,2399.73
7368.0,King,Mary,S,Omaha,NE,68102,USA,2026-05-08,1772.46
8280.0,Hall,Lisa,E,Louisville,KY,40202,USA,2026-01-27,2451.63
8363.0,Turner,Barbara,W,Detroit,MI,48226,USA,2026-06-03,365.37
7311.0,Lee,Patricia,Y,Fargo,ND,58102,USA,2026-05-23,2254.8
6256.0,Scott,Christopher,Y,Chicago,IL,60601,USA,2026-05-20,2495.57
7934.0,Carter,Daniel,Y,Newark,NJ,7102,USA,2026-02-03,1116.34
8840.0,Mitchell,David,H,Fargo,ND,58102,USA,2026-03-17,583.63
7512.0,Walker,John,H,Seattle,WA,98101,USA,2026-04-01,1549.94
9340.0,Carter,Mary,L,Newark,NJ,7102,USA,2026-05-16,880.8
7287.0,Thomas,Anthony,O,Los Angeles,CA,90012,USA,2026-02-12,1578.98
9057.0,King,Patricia,J,Milwaukee,WI,53202,USA,2026-03-21,1392.86
7062.0,Martinez,Mark,B,Richmond,VA,23219,USA,2026-06-09,660.99
6903.0,Rodriguez,Christopher,F,Columbus,OH,43215,USA,2026-02-01,1717.98
7243.0,Parker,John,D,Oklahoma City,OK,73102,USA,2026-04-01,2304.36
8848.0,Turner,Charles,G,Wilmington,DE,19801,USA,2026-01-16,1683.96
8961.0,Young,Margaret,H,Denver,CO,80202,USA,2026-01-09,131.06
9782.0,Carter,Sandra,Q,Oklahoma City,OK,73102,USA,2026-04-01,2399.39
7160.0,Nelson,Linda,Z,Indianapolis,IN,46204,USA,2026-03-19,1129.04
9088.0,Garcia,James,F,New York,NY,10001,USA,2026-02-08,991.46
7148.0,Brown,John,J,Wilmington,DE,19801,USA,2026-04-15,1455.64
8268.0,Walker,Michelle,G,Denver,CO,80202,USA,2026-05-20,626.71
9791.0,Perez,Emily,H,Albuquerque,NM,87102,USA,2026-02-07,2075.29
7841.0,Allen,Matthew,Q,Portland,OR,97205,USA,2026-04-09,2318.91
9100.0,Robinson,Mark,V,Little Rock,AR,72201,USA,2026-01-22,1749.42
8047.0,Phillips,Donald,H,Las Vegas,NV,89101,USA,2026-02-25,1493.06
7817.0,Parker,Anthony,W,Los Angeles,CA,90012,USA,2026-03-17,2461.42
9160.0,Campbell,Betty,K,Portland,ME,4101,USA,2026-03-07,1224.6
9530.0,Smith,James,X,Los Angeles,CA,90012,USA,2026-02-15,948.71
7469.0,Jackson,Emily,R,Atlanta,GA,30303,USA,2026-02-14,1939.22
9409.0,Phillips,Anthony,N,Detroit,MI,48226,USA,2026-04-27,92.07
7363.0,Allen,Jennifer,D,Honolulu,HI,96813,USA,2026-01-22,1548.22
9847.0,Clark,Richard,I,Little Rock,AR,72201,USA,2026-06-13,1732.64
7418.0,Scott,Elizabeth,K,Los Angeles,CA,90012,USA,2026-04-16,2061.46
8592.0,Young,William,Q,Columbus,OH,43215,USA,2026-01-17,2001.27
6479.0,Torres,Michael,G,Dallas,TX,75201,USA,2026-05-03,215.24
9908.0,Garcia,Daniel,E,Cheyenne,WY,82001,USA,2026-06-11,1492.28
7318.0,Allen,Daniel,H,Newark,NJ,7102,USA,2026-05-10,416.3
6916.0,Hill,Mark,T,Kansas City,MO,64106,USA,2026-05-22,941.58
8064.0,Rodriguez,Ashley,W,Columbia,SC,29201,USA,2026-04-08,1883.67
8092.0,Carter,Mary,V,Kansas City,MO,64106,USA,2026-05-24,1214.04
8402.0,Nguyen,Joseph,S,Sioux Falls,SD,57104,USA,2026-04-19,2041.49
7162.0,Green,Mark,J,Birmingham,AL,35203,USA,2026-02-23,27.23
8170.0,Thomas,Thomas,M,Baltimore,MD,21201,USA,2026-03-28,1801.15
6730.0,Adams,Christopher,R,Philadelphia,PA,19103,USA,2026-01-24,1607.25
7355.0,Martinez,Karen,P,Dallas,TX,75201,USA,2026-03-17,258.66
6144.0,Hill,Joseph,A,Kansas City,MO,64106,USA,2026-01-17,288.78
7696.0,Hall,Lisa,D,Seattle,WA,98101,USA,2026-03-26,413.49
6935.0,Jackson,William,G,Philadelphia,PA,19103,USA,2026-02-18,2277.14
7797.0,Garcia,Jennifer,D,Louisville,KY,40202,USA,2026-01-12,842.38
6907.0,Roberts,Donald,I,Portland,ME,4101,USA,2026-01-12,1084.27
8094.0,Thompson,Robert,X,Minneapolis,MN,55401,USA,2026-03-24,961.26
9257.0,Thompson,Kimberly,N,Charleston,WV,25301,USA,2026-02-11,182.89
8847.0,Martinez,John,T,Wilmington,DE,19801,USA,2026-05-23,2003.32
8441.0,Rodriguez,John,H,Dallas,TX,75201,USA,2026-03-25,1482.67
8637.0,King,James,H,Los Angeles,CA,90012,USA,2026-05-27,2467.56
8958.0,Perez,Matthew,U,Fargo,ND,58102,USA,2026-04-05,1420.22
7380.0,Lee,Jessica,A,Billings,MT,59101,USA,2026-04-03,813.22
8347.0,Garcia,Donald,M,Birmingham,AL,35203,USA,2026-01-01,1291.49
6380.0,Thomas,Barbara,I,Phoenix,AZ,85004,USA,2026-05-05,2466.11
7974.0,Turner,Christopher,V,Providence,RI,2903,USA,2026-05-25,1647.79
8612.0,Thomas,Joshua,D,Newark,NJ,7102,USA,2026-01-21,418.36
7176.0,Walker,Charles,D,Indianapolis,IN,46204,USA,2026-05-23,1967.28
9032.0,Baker,Joshua,T,Manchester,NH,3101,USA,2026-03-22,2052.95
7268.0,Thomas,Paul,Q,Honolulu,HI,96813,USA,2026-03-04,167.07
6962.0,Turner,David,Z,Billings,MT,59101,USA,2026-06-11,1760.61
9610.0,Garcia,Anthony,A,Kansas City,MO,64106,USA,2026-03-18,2252.44
8516.0,Parker,Sarah,O,Chicago,IL,60601,USA,2026-06-08,1818.91
7140.0,Rodriguez,Andrew,D,Columbia,SC,29201,USA,2026-02-11,2083.64
6921.0,Robinson,David,B,Oklahoma City,OK,73102,USA,2026-02-14,1279.18
6645.0,Hall,Charles,J,Charlotte,NC,28202,USA,2026-06-06,1345.12
9969.0,Campbell,Betty,P,Columbia,SC,29201,USA,2026-04-19,1943.04
8869.0,Nguyen,Karen,S,Little Rock,AR,72201,USA,2026-04-28,1755.77
7303.0,Young,Michael,Q,Columbus,OH,43215,USA,2026-04-27,1845.56
6873.0,Jackson,Joseph,G,Chicago,IL,60601,USA,2026-06-08,1424.54
8657.0,Young,Margaret,G,Birmingham,AL,35203,USA,2026-02-06,254.47
6076.0,Lee,David,K,Kansas City,MO,64106,USA,2026-06-14,1294.23
9634.0,Adams,Matthew,O,Richmond,VA,23219,USA,2026-01-07,1085.23
7099.0,Robinson,Paul,Y,Des Moines,IA,50309,USA,2026-04-17,384.06
8266.0,King,Sarah,M,Detroit,MI,48226,USA,2026-03-01,646.64
9378.0,Baker,Joshua,T,Kansas City,MO,64106,USA,2026-04-18,1868.55
9826.0,Jackson,Andrew,B,Burlington,VT,5401,USA,2026-06-02,2201.15
6964.0,Thompson,Sarah,K,Louisville,KY,40202,USA,2026-01-12,857.59
8369.0,Phillips,Susan,L,Detroit,MI,48226,USA,2026-06-14,1775.75
6999.0,Robinson,Susan,D,Portland,OR,97205,USA,2026-04-06,1016.66
7787.0,Taylor,Robert,T,Cheyenne,WY,82001,USA,2026-06-04,362.84
9671.0,Lee,Lisa,A,Milwaukee,WI,53202,USA,2026-06-01,2425.36
8919.0,King,Ashley,H,Las Vegas,NV,89101,USA,2026-02-06,1455.07
8410.0,Taylor,Jessica,D,Providence,RI,2903,USA,2026-03-06,1725.53
9222.0,Parker,Betty,Q,Wilmington,DE,19801,USA,2026-06-13,328.49
8093.0,King,Donna,C,Honolulu,HI,96813,USA,2026-05-09,82.69
7915.0,Harris,Emily,O,Charlotte,NC,28202,USA,2026-04-28,1438.79
6088.0,Mitchell,Joseph,C,Dallas,TX,75201,USA,2026-04-25,1775.08
7034.0,Phillips,Steven,B,Birmingham,AL,35203,USA,2026-02-18,1186.29
9871.0,Taylor,David,R,Nashville,TN,37203,USA,2026-03-20,397.91
8953.0,Thompson,Donald,L,Nashville,TN,37203,USA,2026-02-05,123.8
7596.0,Mitchell,Michelle,B,Baltimore,MD,21201,USA,2026-04-11,528.75
9524.0,Martinez,Jessica,U,Sioux Falls,SD,57104,USA,2026-06-14,1383.1
9720.0,Lewis,Thomas,U,Salt Lake City,UT,84101,USA,2026-06-09,815.2
7982.0,Walker,Joseph,M,Little Rock,AR,72201,USA,2026-01-26,1555.16
7354.0,Perez,James,P,Hartford,CT,6103,USA,2026-05-27,2034.05
9272.0,Carter,Daniel,J,Manchester,NH,3101,USA,2026-04-13,2058.75
7630.0,Perez,William,F,Salt Lake City,UT,84101,USA,2026-06-05,2340.58
9580.0,Johnson,Elizabeth,F,Des Moines,IA,50309,USA,2026-01-26,897.97
6821.0,Taylor,Sarah,T,Honolulu,HI,96813,USA,2026-04-19,1246.14
7115.0,Taylor,Anthony,Z,Detroit,MI,48226,USA,2026-01-09,1657.62
9866.0,Scott,Matthew,G,Omaha,NE,68102,USA,2026-06-06,288.13
9667.0,Lee,Jennifer,G,Minneapolis,MN,55401,USA,2026-02-14,1506.03
6134.0,Martin,Karen,Y,Columbia,SC,29201,USA,2026-03-06,640.93
8635.0,Adams,Sandra,L,Seattle,WA,98101,USA,2026-02-23,1965.78
8042.0,Adams,Michael,N,Birmingham,AL,35203,USA,2026-04-04,1037.31
9093.0,Hill,Paul,L,Boise,ID,83702,USA,2026-01-04,274.6
9232.0,Smith,Kimberly,H,Chicago,IL,60601,USA,2026-05-24,1592.38
8261.0,White,Mark,U,Cheyenne,WY,82001,USA,2026-06-03,2380.36
9019.0,King,David,C,Little Rock,AR,72201,USA,2026-02-11,2232.86
7063.0,Garcia,Anthony,W,New Orleans,LA,70112,USA,2026-01-03,1109.82
8951.0,Hall,John,U,Chicago,IL,60601,USA,2026-05-27,2106.45
9849.0,Baker,Emily,Y,Dallas,TX,75201,USA,2026-06-07,1685.71
9941.0,Thomas,Charles,B,Indianapolis,IN,46204,USA,2026-05-13,1174.47
6639.0,Robinson,Steven,X,Boston,MA,2108,USA,2026-04-24,1114.59
7408.0,Hill,Margaret,K,Newark,NJ,7102,USA,2026-04-01,1202.18
9978.0,Scott,Sarah,O,Honolulu,HI,96813,USA,2026-01-04,910.15
7895.0,Robinson,Richard,H,Atlanta,GA,30303,USA,2026-02-13,2147.12
6430.0,Thompson,Anthony,Q,Portland,OR,97205,USA,2026-02-01,2370.32
6683.0,Phillips,Margaret,B,Jackson,MS,39201,USA,2026-01-31,999.74
6681.0,Nelson,Andrew,U,Nashville,TN,37203,USA,2026-06-16,1755.38
6383.0,Perez,Mark,Q,Sioux Falls,SD,57104,USA,2026-02-27,2202.03
9874.0,Green,Kimberly,U,Birmingham,AL,35203,USA,2026-01-22,254.92
7415.0,Wright,Jennifer,U,Philadelphia,PA,19103,USA,2026-01-23,1396.24
7908.0,Jackson,Ashley,R,Philadelphia,PA,19103,USA,2026-04-26,1467.44
9022.0,Johnson,Emily,K,Little Rock,AR,72201,USA,2026-02-26,1884.47
7074.0,Torres,Lisa,W,Charlotte,NC,28202,USA,2026-01-06,1392.14
6204.0,Baker,Thomas,B,Kansas City,MO,64106,USA,2026-06-14,1055.55
8098.0,Carter,Susan,E,Charlotte,NC,28202,USA,2026-01-30,2380.32
8675.0,Hill,Donald,Q,Hartford,CT,6103,USA,2026-02-28,1929.19
9897.0,Rodriguez,Elizabeth,H,Columbia,SC,29201,USA,2026-02-07,1444.92
7303.0,Anderson,Joshua,O,New York,NY,10001,USA,2026-03-14,1411.69
6508.0,Johnson,Daniel,H,Detroit,MI,48226,USA,2026-01-01,1076.99
6482.0,Campbell,Anthony,J,Charleston,WV,25301,USA,2026-06-04,391.41
9068.0,Wright,Thomas,J,Dallas,TX,75201,USA,2026-02-19,964.28
8175.0,Lewis,Margaret,A,Seattle,WA,98101,USA,2026-02-15,1664.01
8739.0,Campbell,Richard,Z,Milwaukee,WI,53202,USA,2026-05-30,1016.49
7042.0,Rodriguez,Richard,O,Wilmington,DE,19801,USA,2026-04-25,802.23
9384.0,Mitchell,Nancy,G,Portland,ME,4101,USA,2026-03-08,1225.04
7294.0,Turner,Ashley,Q,Providence,RI,2903,USA,2026-01-13,538.14
7010.0,Smith,Joseph,E,Milwaukee,WI,53202,USA,2026-02-09,782.31
9203.0,Hall,Mary,R,Billings,MT,59101,USA,2026-03-27,730.99
7288.0,Baker,Donald,V,Miami,FL,33130,USA,2026-01-16,1136.2
6885.0,Baker,Elizabeth,D,Birmingham,AL,35203,USA,2026-05-30,1785.66
9502.0,Wright,Barbara,Q,Atlanta,GA,30303,USA,2026-06-16,2160.84
6841.0,Martin,James,F,Philadelphia,PA,19103,USA,2026-04-10,1893.98
7382.0,Anderson,Karen,R,Hartford,CT,6103,USA,2026-04-01,1628.18
6085.0,Thompson,Paul,N,Detroit,MI,48226,USA,2026-04-14,1770.91
9400.0,Anderson,James,E,Nashville,TN,37203,USA,2026-04-11,566.89
9023.0,Hall,Susan,T,Louisville,KY,40202,USA,2026-01-07,1810.31
7171.0,Jackson,Susan,B,Albuquerque,NM,87102,USA,2026-05-10,741.94
7734.0,Torres,Sandra,J,New Orleans,LA,70112,USA,2026-04-07,2339.75
9680.0,Lewis,Donna,H,Manchester,NH,3101,USA,2026-01-31,445.48
7754.0,Roberts,Jessica,N,Seattle,WA,98101,USA,2026-03-25,2032.28
8366.0,Hill,Margaret,W,Des Moines,IA,50309,USA,2026-04-24,2185.8
6635.0,Roberts,Michelle,R,Portland,OR,97205,USA,2026-01-25,492.91
9887.0,Campbell,Matthew,V,Billings,MT,59101,USA,2026-01-06,2412.14
6012.0,Walker,James,L,Baltimore,MD,21201,USA,2026-05-19,884.78
6948.0,White,Richard,I,Billings,MT,59101,USA,2026-04-05,108.03
8284.0,Turner,Mary,W,Columbus,OH,43215,USA,2026-04-11,1298.67
7699.0,Garcia,Mark,G,Richmond,VA,23219,USA,2026-06-04,1747.95
6422.0,Scott,William,G,Boise,ID,83702,USA,2026-01-20,2423.87
6668.0,Campbell,Donna,B,Atlanta,GA,30303,USA,2026-04-27,1394.63
9115.0,Wright,Donna,Q,Honolulu,HI,96813,USA,2026-01-12,439.72
9300.0,Hill,Ashley,H,Dallas,TX,75201,USA,2026-03-26,1606.95
6146.0,Robinson,Patricia,F,Phoenix,AZ,85004,USA,2026-03-27,2479.35
9421.0,Jackson,Michael,J,Denver,CO,80202,USA,2026-02-20,2088.61
7782.0,Adams,Betty,R,Indianapolis,IN,46204,USA,2026-03-07,1634.52
6217.0,Mitchell,Richard,C,Hartford,CT,6103,USA,2026-02-06,1273.89
7723.0,Phillips,Nancy,O,Boise,ID,83702,USA,2026-06-09,658.91
9954.0,Roberts,Patricia,W,Des Moines,IA,50309,USA,2026-06-14,1176.1
8218.0,Campbell,Susan,K,Phoenix,AZ,85004,USA,2026-04-19,1560.48
9697.0,Scott,James,O,Portland,OR,97205,USA,2026-04-18,2400.44
7877.0,Perez,Jessica,Z,Overland Park,KS,66204,USA,2026-01-03,2075.21
6251.0,Roberts,Donna,U,Richmond,VA,23219,USA,2026-03-11,72.17
8244.0,Roberts,Joseph,E,Baltimore,MD,21201,USA,2026-01-27,2083.22
9087.0,King,Michelle,V,Birmingham,AL,35203,USA,2026-03-12,108.74
7380.0,Campbell,Elizabeth,X,Little Rock,AR,72201,USA,2026-06-06,98.81
8177.0,Rodriguez,Thomas,X,Hartford,CT,6103,USA,2026-01-24,1919.85
6990.0,Robinson,Michelle,B,Sioux Falls,SD,57104,USA,2026-06-13,1754.47
8130.0,Perez,Steven,F,Minneapolis,MN,55401,USA,2026-06-08,2003.0
6564.0,Thompson,Ashley,O,Charleston,WV,25301,USA,2026-06-10,1509.23
9607.0,Nelson,Mark,D,Los Angeles,CA,90012,USA,2026-05-31,773.49
8020.0,Nguyen,Matthew,R,Boston,MA,2108,USA,2026-01-13,2303.84
8737.0,Wright,Barbara,P,Omaha,NE,68102,USA,2026-03-07,2077.89
8419.0,Nguyen,Michael,Y,New York,NY,10001,USA,2026-05-28,934.2
6221.0,Torres,James,Z,Burlington,VT,5401,USA,2026-05-04,751.72
9021.0,Turner,Betty,G,Detroit,MI,48226,USA,2026-04-14,452.15
6254.0,Thompson,Thomas,F,Detroit,MI,48226,USA,2026-04-30,20.07
6552.0,Phillips,Joshua,Z,Birmingham,AL,35203,USA,2026-04-05,1035.45
7845.0,Campbell,Jessica,B,Charlotte,NC,28202,USA,2026-05-15,2327.53
9405.0,Thomas,Mary,I,Indianapolis,IN,46204,USA,2026-06-01,245.03
9508.0,Wright,Donna,K,Chicago,IL,60601,USA,2026-01-03,1217.01
7009.0,Adams,Anthony,T,Columbus,OH,43215,USA,2026-01-05,285.75
6341.0,Anderson,Anthony,D,Atlanta,GA,30303,USA,2026-06-05,513.22
9288.0,Martin,Emily,V,Manchester,NH,3101,USA,2026-06-15,1640.33
9271.0,Green,Sandra,D,New Orleans,LA,70112,USA,2026-04-11,930.19
7328.0,Adams,Thomas,N,Chicago,IL,60601,USA,2026-05-23,1150.84
6789.0,Brown,Sandra,U,Phoenix,AZ,85004,USA,2026-05-24,1282.66
8007.0,Harris,Charles,S,Birmingham,AL,35203,USA,2026-06-12,1749.46
8742.0,Harris,Richard,Y,New Orleans,LA,70112,USA,2026-04-25,1106.26
8820.0,Wright,Donna,I,Cheyenne,WY,82001,USA,2026-02-22,1538.37
9077.0,Garcia,Richard,I,Oklahoma City,OK,73102,USA,2026-06-09,2046.51
6389.0,Hill,Paul,D,Hartford,CT,6103,USA,2026-06-13,1443.21
8784.0,Allen,Ashley,J,Fargo,ND,58102,USA,2026-06-13,1752.36
7049.0,Carter,Paul,Z,New York,NY,10001,USA,2026-03-17,2457.31
7814.0,Hall,Daniel,Q,Milwaukee,WI,53202,USA,2026-02-22,1058.48
8105.0,Jackson,Emily,K,Omaha,NE,68102,USA,2026-06-15,39.64
6129.0,Garcia,Karen,A,Portland,OR,97205,USA,2026-01-07,27.96
6321.0,Carter,Margaret,H,Richmond,VA,23219,USA,2026-05-23,2394.14
7492.0,Hill,Donald,D,Chicago,IL,60601,USA,2026-02-14,1325.72
9575.0,Nguyen,Sandra,B,Chicago,IL,60601,USA,2026-02-07,2079.7
7535.0,Thomas,Thomas,O,Chicago,IL,60601,USA,2026-04-30,1502.74
7144.0,Taylor,Jessica,Y,Seattle,WA,98101,USA,2026-04-23,1769.04
8204.0,Perez,Richard,B,Las Vegas,NV,89101,USA,2026-02-16,2400.71
9565.0,Phillips,Kimberly,Y,Des Moines,IA,50309,USA,2026-01-18,2497.72
9793.0,King,Paul,G,Los Angeles,CA,90012,USA,2026-05-14,1696.85
6673.0,Smith,James,F,Chicago,IL,60601,USA,2026-04-23,1688.0
8998.0,Mitchell,Michelle,G,Detroit,MI,48226,USA,2026-06-12,241.68
6641.0,Carter,James,D,Anchorage,AK,99501,USA,2026-03-01,2373.59
7133.0,Hill,Elizabeth,Y,Phoenix,AZ,85004,USA,2026-03-23,558.93
6385.0,Allen,Sarah,A,Charleston,WV,25301,USA,2026-05-13,2257.64
8198.0,Martinez,Paul,U,Boise,ID,83702,USA,2026-05-17,65.37
7858.0,King,William,L,Richmond,VA,23219,USA,2026-06-08,1313.35
9083.0,Carter,Betty,U,Columbia,SC,29201,USA,2026-05-23,1236.59
6959.0,Roberts,Charles,V,Los Angeles,CA,90012,USA,2026-03-14,1695.84
6814.0,Torres,John,H,Providence,RI,2903,USA,2026-06-02,1995.28
7523.0,Phillips,Matthew,V,New Orleans,LA,70112,USA,2026-02-15,2181.84
9811.0,Thomas,Kimberly,Y,Phoenix,AZ,85004,USA,2026-03-20,915.58
6350.0,Lewis,Betty,Z,Albuquerque,NM,87102,USA,2026-02-27,713.0
7841.0,Garcia,Emily,M,Phoenix,AZ,85004,USA,2026-01-26,994.93
9657.0,Roberts,Karen,V,Albuquerque,NM,87102,USA,2026-04-20,1153.94
7955.0,Roberts,Ashley,L,Seattle,WA,98101,USA,2026-03-28,1220.01
6827.0,Nelson,Susan,A,Oklahoma City,OK,73102,USA,2026-04-15,1962.08
8633.0,Carter,Joshua,X,Wilmington,DE,19801,USA,2026-05-31,398.74
9435.0,Martin,Susan,V,Oklahoma City,OK,73102,USA,2026-01-02,547.82
6558.0,Young,Susan,J,Des Moines,IA,50309,USA,2026-05-24,1258.8
9564.0,Mitchell,Elizabeth,M,Louisville,KY,40202,USA,2026-06-12,2102.48
8114.0,Jackson,Jennifer,H,Boston,MA,2108,USA,2026-06-14,545.78
9965.0,Green,Steven,C,Billings,MT,59101,USA,2026-01-25,769.72
6154.0,Mitchell,Ashley,J,Albuquerque,NM,87102,USA,2026-04-18,1486.46
8556.0,Nelson,Elizabeth,Z,Albuquerque,NM,87102,USA,2026-01-26,195.99
8533.0,Turner,Jessica,U,Honolulu,HI,96813,USA,2026-05-13,1592.39
8472.0,Nelson,James,D,Kansas City,MO,64106,USA,2026-01-02,864.75
6304.0,Martin,Anthony,M,Little Rock,AR,72201,USA,2026-01-07,2454.87
8877.0,Robinson,Kimberly,J,Philadelphia,PA,19103,USA,2026-01-14,731.25
9686.0,Hall,Thomas,I,Atlanta,GA,30303,USA,2026-03-17,1314.07
8222.0,Carter,Ashley,R,Fargo,ND,58102,USA,2026-03-10,2225.84
8171.0,Parker,Kimberly,W,Philadelphia,PA,19103,USA,2026-02-05,2267.96
6605.0,Rodriguez,Sandra,S,Columbus,OH,43215,USA,2026-04-21,1597.58
8530.0,Carter,Joseph,B,Portland,ME,4101,USA,2026-04-04,1176.93
8489.0,Wright,Paul,Y,Providence,RI,2903,USA,2026-02-28,1920.33
8539.0,Perez,Ashley,I,Portland,OR,97205,USA,2026-05-11,1477.99
8479.0,Mitchell,Matthew,X,Burlington,VT,5401,USA,2026-01-04,271.23
7953.0,Smith,John,A,Boise,ID,83702,USA,2026-04-07,1267.91
8995.0,Baker,Patricia,V,Atlanta,GA,30303,USA,2026-05-14,2252.55
9994.0,White,Matthew,H,Atlanta,GA,30303,USA,2026-04-05,578.75
7291.0,Hall,Paul,Q,Albuquerque,NM,87102,USA,2026-03-16,1708.66
8447.0,Clark,Joseph,R,Kansas City,MO,64106,USA,2026-01-22,2130.78
9396.0,King,Paul,K,Salt Lake City,UT,84101,USA,2026-06-05,2011.83
8381.0,Taylor,Donald,E,Birmingham,AL,35203,USA,2026-06-11,841.3
7604.0,Martinez,Betty,J,Little Rock,AR,72201,USA,2026-02-17,1512.81
9718.0,Thomas,Robert,B,Omaha,NE,68102,USA,2026-02-26,889.88
6694.0,Robinson,Lisa,V,Columbus,OH,43215,USA,2026-01-11,2108.88
6824.0,Thompson,Lisa,S,New Orleans,LA,70112,USA,2026-03-31,1945.15
6315.0,Roberts,Daniel,F,Phoenix,AZ,85004,USA,2026-05-21,383.35
6702.0,Taylor,Donna,M,Sioux Falls,SD,57104,USA,2026-06-07,1250.2
7574.0,White,Joshua,H,Los Angeles,CA,90012,USA,2026-04-09,1070.01
6539.0,Roberts,Kimberly,P,Minneapolis,MN,55401,USA,2026-02-04,2360.19
8153.0,Harris,Daniel,U,Miami,FL,33130,USA,2026-04-30,1497.75
6547.0,Johnson,Charles,W,Little Rock,AR,72201,USA,2026-03-12,1567.3
8266.0,Baker,Mary,B,Indianapolis,IN,46204,USA,2026-01-11,1135.7
6502.0,Wright,Elizabeth,J,Cheyenne,WY,82001,USA,2026-04-05,1145.53
8861.0,Nguyen,Nancy,Q,Nashville,TN,37203,USA,2026-02-19,451.24
9155.0,Thomas,Linda,T,Overland Park,KS,66204,USA,2026-04-01,1631.19
6732.0,Turner,Matthew,L,Newark,NJ,7102,USA,2026-05-16,1233.51
8183.0,Walker,Linda,Q,Salt Lake City,UT,84101,USA,2026-02-12,897.51
8377.0,Young,Donna,B,Burlington,VT,5401,USA,2026-05-06,2120.44
7993.0,Adams,Mark,M,Denver,CO,80202,USA,2026-02-04,861.16
9888.0,Hill,Mark,N,Portland,ME,4101,USA,2026-04-10,1694.29
7061.0,Lewis,Ashley,I,Seattle,WA,98101,USA,2026-03-16,1849.5
8136.0,Johnson,Barbara,P,Salt Lake City,UT,84101,USA,2026-04-28,1431.23
7629.0,Roberts,Betty,M,Newark,NJ,7102,USA,2026-02-28,1349.12
8980.0,Perez,Barbara,A,Los Angeles,CA,90012,USA,2026-03-15,562.14
7034.0,Green,Andrew,F,Billings,MT,59101,USA,2026-03-14,40.71
7020.0,Brown,Nancy,Q,Fargo,ND,58102,USA,2026-03-21,857.0
7675.0,Harris,Barbara,N,Detroit,MI,48226,USA,2026-05-02,1390.97
6718.0,Clark,Joshua,H,Newark,NJ,7102,USA,2026-06-04,663.46
6425.0,Torres,Robert,W,Charleston,WV,25301,USA,2026-05-26,443.59
9923.0,Allen,Steven,V,New Orleans,LA,70112,USA,2026-04-27,182.07
7086.0,Thompson,Barbara,I,Phoenix,AZ,85004,USA,2026-06-01,1080.61
9916.0,Martinez,Joseph,Y,Anchorage,AK,99501,USA,2026-05-12,1888.27
6383.0,Harris,Nancy,Q,Miami,FL,33130,USA,2026-04-23,1868.09
7164.0,Garcia,Linda,F,Oklahoma City,OK,73102,USA,2026-06-06,161.13
8411.0,Perez,Linda,Z,Miami,FL,33130,USA,2026-03-19,441.81
7072.0,Green,Michael,D,Boston,MA,2108,USA,2026-05-01,170.38
6181.0,Lewis,Joshua,J,Charleston,WV,25301,USA,2026-03-30,998.75
9735.0,Parker,Emily,R,Boston,MA,2108,USA,2026-05-08,1123.59
6870.0,Anderson,Matthew,E,Overland Park,KS,66204,USA,2026-04-06,207.59
8466.0,White,Betty,D,Charleston,WV,25301,USA,2026-03-02,2362.83
8509.0,Parker,Sarah,K,Omaha,NE,68102,USA,2026-02-03,1665.54
8712.0,Brown,Betty,U,Albuquerque,NM,87102,USA,2026-01-26,1912.53
8464.0,Jackson,Jennifer,I,New Orleans,LA,70112,USA,2026-05-09,2458.79
6783.0,White,Jennifer,G,Philadelphia,PA,19103,USA,2026-02-07,1934.11
7113.0,Young,Betty,Y,Louisville,KY,40202,USA,2026-02-10,904.08
6278.0,Roberts,Elizabeth,F,Burlington,VT,5401,USA,2026-01-18,1708.56
6159.0,Perez,Jennifer,Y,Detroit,MI,48226,USA,2026-03-04,2259.87
7970.0,Turner,Emily,B,Kansas City,MO,64106,USA,2026-02-27,1996.35
7771.0,Adams,Jennifer,K,Philadelphia,PA,19103,USA,2026-02-02,1013.61
9288.0,Harris,Michelle,J,Boise,ID,83702,USA,2026-02-27,2397.45
7221.0,Jackson,Christopher,W,Boise,ID,83702,USA,2026-05-15,2056.14
8714.0,Baker,Barbara,H,Milwaukee,WI,53202,USA,2026-02-15,1382.03
6241.0,Rodriguez,Matthew,V,Oklahoma City,OK,73102,USA,2026-05-06,2355.78
8955.0,Lee,Karen,B,Birmingham,AL,35203,USA,2026-05-23,427.47
8781.0,Smith,Lisa,I,Boston,MA,2108,USA,2026-06-02,2380.28
6893.0,Brown,Elizabeth,J,Miami,FL,33130,USA,2026-05-25,1361.41
7972.0,Robinson,Susan,U,Indianapolis,IN,46204,USA,2026-06-10,1973.56
9346.0,Allen,Betty,B,Overland Park,KS,66204,USA,2026-06-11,1304.19
8500.0,Thomas,Patricia,W,Jackson,MS,39201,USA,2026-02-27,198.08
