Account,LastName,FirstName,MiddleInitial,City,State,ZipCode,Country,Date,BilledAmount,DatePaid,AmtPaid
9001.0,Newton,Ronald,M,Atlanta,GA,30301,USA,2025-12-15,20.78,2026-01-10,21.00
6001.0,Williams,Jean,L,Overland Park,KS,66214,USA,2026-05-15,24.44,2026-06-10,24.44
6001.0,Williams,Jean,L,Overland Park,KS,66214,USA,2026-06-15,12.22,2026-06-10,12.22
9001.0,Newton,Ronald,M,Atlanta,GA,30301,USA,2026-03-15,2000.0,2026-04-10,2000
9001.0,Newton,Ronald,M,Atlanta,GA,30301,USA,2026-04-15,200.78,2026-05-10,201
6001.0,Williams,Jean,L,Overland Park,KS,66214,USA,2026-04-15,24.44,2026-05-10,24.44
6001.0,Williams,Jean,L,Overland Park,KS,66214,USA,2026-03-15,12.22,2026-04-10,12.22
6001.0,Williams,Jean,L,Overland Park,KS,66214,USA,2026-02-15,24.44,2026-03-10,24.44
6001.0,Williams,Jean,L,Overland Park,KS,66214,USA,2026-01-15,12.22,2026-02-10,12.22
6001.0,Williams,Jean,L,Overland Park,KS,66214,USA,2026-04-15,24.44,2026-05-10,24.44
6001.0,Williams,Jean,L,Overland Park,KS,66214,USA,2026-03-15,12.22,2026-04-10,12.22
9110.0,Robinson,Matthew,M,Birmingham,AL,35203,USA,2026-06-08,608.15,2026-06-14,612.39
6550.0,King,Michelle,N,Anchorage,AK,99501,USA,2026-06-15,840.38,2026-06-17,849.78
7058.0,Hall,Steven,L,Phoenix,AZ,85004,USA,2026-05-15,915.14,2026-06-03,916.61
9974.0,Hall,Mary,B,Little Rock,AR,72201,USA,2026-02-25,481.15,2026-03-14,489.06
8154.0,Hall,William,F,Los Angeles,CA,90012,USA,2026-06-02,919.5,2026-06-14,921.00
7581.0,Hall,Sandra,S,Denver,CO,80202,USA,2026-01-16,2349.14,2026-05-27,2355.63
6861.0,Lewis,Kimberly,O,Hartford,CT,6103,USA,2026-06-05,194.22,2026-06-13,198.53
9816.0,Anderson,Mark,S,Wilmington,DE,19801,USA,2026-02-03,689.94,2026-04-04,696.01
6995.0,King,James,H,Miami,FL,33130,USA,2026-03-22,1232.94,2026-05-12,1228.26
8477.0,Baker,Paul,W,Atlanta,GA,30303,USA,2026-06-04,986.65,2026-06-17,985.02
6245.0,Thompson,Michelle,D,Honolulu,HI,96813,USA,2026-04-07,822.0,2026-05-03,824.34
8630.0,Brown,Donna,N,Boise,ID,83702,USA,2026-03-12,1024.38,2026-05-13,1022.18
7153.0,Brown,Robert,S,Chicago,IL,60601,USA,2026-06-09,561.31,2026-06-18,557.11
9767.0,Young,Michelle,H,Indianapolis,IN,46204,USA,2026-03-12,1710.73,2026-06-17,1720.07
7421.0,Harris,Robert,H,Des Moines,IA,50309,USA,2026-06-12,1175.88,2026-06-16,1184.11
8124.0,Hall,Emily,M,Overland Park,KS,66204,USA,2026-05-05,2139.66,2026-06-08,2135.72
9960.0,Walker,Donald,A,Louisville,KY,40202,USA,2026-03-26,177.97,2026-04-09,186.44
9289.0,King,Paul,T,New Orleans,LA,70112,USA,2026-06-04,67.72,2026-06-15,66.74
7955.0,King,Patricia,Q,Portland,ME,4101,USA,2026-06-13,2479.85,2026-06-18,2479.63
6148.0,Carter,Thomas,H,Baltimore,MD,21201,USA,2026-03-20,705.17,2026-05-01,710.40
7186.0,Phillips,Sandra,C,Boston,MA,2108,USA,2026-06-16,338.88,2026-06-18,347.64
9348.0,Roberts,Donald,J,Detroit,MI,48226,USA,2026-04-13,2197.26,2026-05-06,2196.12
9877.0,Young,Jennifer,F,Minneapolis,MN,55401,USA,2026-05-31,1838.14,2026-06-14,1838.38
9722.0,Torres,Emily,B,Jackson,MS,39201,USA,2026-02-01,2316.78,2026-03-16,2320.15
6978.0,Adams,Jennifer,N,Kansas City,MO,64106,USA,2026-06-06,2003.9,2026-06-15,2008.14
8872.0,Allen,Nancy,E,Billings,MT,59101,USA,2026-04-29,1348.97,2026-06-04,1351.18
8552.0,Smith,Barbara,U,Omaha,NE,68102,USA,2026-04-30,1818.89,2026-05-12,1828.64
9112.0,Martin,Patricia,G,Las Vegas,NV,89101,USA,2026-04-13,2250.06,2026-04-30,2251.73
7484.0,Perez,Elizabeth,M,Manchester,NH,3101,USA,2026-04-04,1059.36,2026-05-07,1061.23
7058.0,Adams,Mary,Z,Newark,NJ,7102,USA,2026-04-18,1326.88,2026-05-25,1331.88
8343.0,Baker,Jessica,Y,Albuquerque,NM,87102,USA,2026-01-07,2098.62,2026-01-13,2102.14
7939.0,King,Joshua,F,New York,NY,10001,USA,2026-01-20,585.23,2026-05-31,590.90
8729.0,Smith,Andrew,W,Charlotte,NC,28202,USA,2026-04-01,2251.08,2026-04-09,2249.56
6372.0,Rodriguez,Michael,M,Fargo,ND,58102,USA,2026-06-09,171.87,2026-06-17,180.52
8080.0,Robinson,Kimberly,S,Columbus,OH,43215,USA,2026-03-12,2411.88,2026-04-27,2413.08
8176.0,Thomas,Barbara,R,Oklahoma City,OK,73102,USA,2026-05-21,176.51,2026-06-13,173.71
8459.0,Nelson,John,D,Portland,OR,97205,USA,2026-02-20,2430.26,2026-06-16,2427.65
9718.0,Nguyen,Anthony,A,Philadelphia,PA,19103,USA,2026-06-10,1071.96,2026-06-14,1068.20
8124.0,Nguyen,Joseph,U,Providence,RI,2903,USA,2026-01-09,2010.1,2026-02-22,2007.29
6864.0,King,Susan,R,Columbia,SC,29201,USA,2026-05-22,918.52,2026-06-18,913.57
9326.0,Garcia,Jennifer,G,Sioux Falls,SD,57104,USA,2026-06-15,1316.86,2026-06-17,1319.34
7885.0,Hill,Joshua,S,Nashville,TN,37203,USA,2026-06-05,258.86,2026-06-18,265.44
8103.0,Mitchell,Mark,E,Dallas,TX,75201,USA,2026-04-20,1733.67,2026-05-18,1736.56
7730.0,Nelson,Michael,F,Salt Lake City,UT,84101,USA,2026-01-15,1897.56,2026-05-24,1893.50
6725.0,Parker,Emily,M,Burlington,VT,5401,USA,2026-05-21,952.84,2026-06-16,962.49
7566.0,Garcia,James,D,Richmond,VA,23219,USA,2026-01-25,337.74,2026-02-15,343.25
8467.0,White,Nancy,E,Seattle,WA,98101,USA,2026-05-22,1677.93,2026-06-01,1681.60
8177.0,Perez,Joseph,R,Charleston,WV,25301,USA,2026-04-17,286.45,2026-05-04,284.75
9496.0,Phillips,Kimberly,A,Milwaukee,WI,53202,USA,2026-06-01,1717.7,2026-06-06,1715.81
9268.0,Scott,John,W,Cheyenne,WY,82001,USA,2026-04-14,1972.16,2026-04-23,1972.01
8986.0,Mitchell,Daniel,M,Milwaukee,WI,53202,USA,2026-01-10,1495.11,2026-04-21,1498.93
7996.0,Hill,James,R,Portland,ME,4101,USA,2026-06-05,1174.32,2026-06-17,1177.24
8792.0,Thompson,Karen,A,Detroit,MI,48226,USA,2026-02-09,84.3,2026-03-07,81.66
7218.0,Jackson,Paul,I,Miami,FL,33130,USA,2026-05-22,1084.49,2026-06-18,1094.24
6305.0,Garcia,Anthony,I,Des Moines,IA,50309,USA,2026-01-13,1993.87,2026-05-28,1990.97
6649.0,Parker,Donna,L,Omaha,NE,68102,USA,2026-02-06,1022.28,2026-02-19,1032.06
8854.0,Walker,Lisa,D,Detroit,MI,48226,USA,2026-04-02,1664.98,2026-05-02,1667.23
6351.0,Turner,Andrew,O,Overland Park,KS,66204,USA,2026-04-29,2415.16,2026-05-21,2417.07
6255.0,Wright,Thomas,Z,Portland,ME,4101,USA,2026-04-12,682.56,2026-06-07,688.89
8512.0,Anderson,Mary,L,Charlotte,NC,28202,USA,2026-02-01,2092.26,2026-05-14,2092.44
7251.0,White,Sarah,M,Des Moines,IA,50309,USA,2026-04-30,1569.02,2026-06-15,1573.57
6692.0,Young,Nancy,W,Chicago,IL,60601,USA,2026-06-02,768.21,2026-06-11,772.57
9713.0,Turner,Betty,C,Salt Lake City,UT,84101,USA,2026-05-03,207.46,2026-05-16,214.24
8626.0,Roberts,Margaret,K,Charlotte,NC,28202,USA,2026-05-09,675.69,2026-06-17,683.42
7566.0,White,Joseph,A,Wilmington,DE,19801,USA,2026-02-01,2041.03,2026-06-16,2042.53
6513.0,Young,Thomas,M,Little Rock,AR,72201,USA,2026-04-26,1637.58,2026-05-28,1640.83
8181.0,Lee,Christopher,X,Las Vegas,NV,89101,USA,2026-01-03,2062.43,2026-06-14,2062.71
6927.0,Perez,Margaret,L,Fargo,ND,58102,USA,2026-06-04,2167.11,2026-06-18,2167.43
9912.0,Johnson,Michael,O,Phoenix,AZ,85004,USA,2026-03-29,1422.24,2026-05-28,1427.87
8630.0,Rodriguez,Jennifer,Q,Manchester,NH,3101,USA,2026-02-02,909.67,2026-06-02,915.96
8569.0,White,Margaret,I,Indianapolis,IN,46204,USA,2026-01-05,2054.27,2026-05-08,2052.28
6417.0,Johnson,Andrew,L,Seattle,WA,98101,USA,2026-04-28,1062.71,2026-05-30,1067.70
9565.0,Jackson,Michelle,F,Chicago,IL,60601,USA,2026-05-03,2426.55,2026-05-14,2424.17
7999.0,Scott,Betty,N,Fargo,ND,58102,USA,2026-06-07,619.58,2026-06-15,618.72
8420.0,Thomas,Elizabeth,K,Louisville,KY,40202,USA,2026-04-12,1523.53,2026-04-14,1522.58
7125.0,Young,Steven,G,Overland Park,KS,66204,USA,2026-02-03,1153.01,2026-06-18,1152.05
6711.0,Nelson,Kimberly,U,Columbia,SC,29201,USA,2026-04-02,167.96,2026-05-22,163.44
9915.0,Wright,Paul,J,Kansas City,MO,64106,USA,2026-02-23,607.73,2026-06-09,603.09
9701.0,Lee,Patricia,V,New Orleans,LA,70112,USA,2026-02-12,833.41,2026-05-30,834.97
9797.0,Anderson,Paul,A,Kansas City,MO,64106,USA,2026-02-15,2283.29,2026-04-18,2282.68
7051.0,Thompson,Sarah,T,Fargo,ND,58102,USA,2026-06-04,2072.24,2026-06-12,2076.09
6531.0,Garcia,Donna,J,New Orleans,LA,70112,USA,2026-03-30,614.52,2026-06-01,620.40
9672.0,Carter,Nancy,K,Detroit,MI,48226,USA,2026-06-12,2225.0,2026-06-14,2227.08
9014.0,Thomas,Paul,U,Anchorage,AK,99501,USA,2026-06-04,200.68,2026-06-11,205.54
6491.0,Green,Karen,R,Boston,MA,2108,USA,2026-04-23,1265.91,2026-05-22,1274.68
7636.0,Nelson,Lisa,G,Detroit,MI,48226,USA,2026-01-14,2244.9,2026-02-09,2247.42
8350.0,Nelson,Sarah,A,Billings,MT,59101,USA,2026-03-15,2352.5,2026-04-01,2347.94
9343.0,Hall,Matthew,O,Omaha,NE,68102,USA,2026-02-01,966.7,2026-06-12,967.53
7572.0,Roberts,Michael,D,Boise,ID,83702,USA,2026-02-25,1503.13,2026-03-01,1505.57
6299.0,Martin,Steven,I,Sioux Falls,SD,57104,USA,2026-05-14,2084.93,2026-05-27,2091.96
8977.0,Campbell,Joseph,C,Boise,ID,83702,USA,2026-01-01,1308.91,2026-02-09,1304.78
7885.0,Johnson,Barbara,C,Boise,ID,83702,USA,2026-05-02,598.28,2026-06-10,603.77
7863.0,Hall,Michael,J,Charlotte,NC,28202,USA,2026-04-16,2340.32,2026-05-19,2340.58
9451.0,Brown,Sandra,E,Boston,MA,2108,USA,2026-03-08,878.48,2026-04-17,875.94
8655.0,Thomas,Donna,Q,New Orleans,LA,70112,USA,2026-04-27,2296.97,2026-05-28,2292.63
9888.0,Harris,Emily,C,Miami,FL,33130,USA,2026-05-15,498.84,2026-05-26,501.28
6792.0,Anderson,Steven,F,Louisville,KY,40202,USA,2026-03-12,1194.39,2026-05-14,1190.89
9238.0,Nguyen,Margaret,S,Atlanta,GA,30303,USA,2026-01-20,715.4,2026-04-11,724.83
9525.0,Parker,David,N,Sioux Falls,SD,57104,USA,2026-03-17,836.12,2026-05-23,843.39
6836.0,Perez,Lisa,W,Dallas,TX,75201,USA,2026-02-13,1894.11,2026-03-04,1889.55
7844.0,Mitchell,Charles,B,Providence,RI,2903,USA,2026-03-10,1553.22,2026-04-11,1549.25
9100.0,Lee,William,T,Philadelphia,PA,19103,USA,2026-02-19,829.63,2026-05-17,828.02
6471.0,Martin,Karen,Z,Manchester,NH,3101,USA,2026-05-14,1391.22,2026-06-03,1388.58
7315.0,Brown,Karen,Q,Seattle,WA,98101,USA,2026-03-14,1267.88,2026-06-12,1264.79
8733.0,Lewis,Thomas,E,Boston,MA,2108,USA,2026-03-03,2305.89,2026-03-28,2304.88
7167.0,Scott,Betty,F,Denver,CO,80202,USA,2026-05-13,2094.05,2026-05-27,2094.22
7837.0,Perez,Robert,O,Charleston,WV,25301,USA,2026-05-26,838.12,2026-06-07,846.84
6691.0,Garcia,Paul,C,Newark,NJ,7102,USA,2026-06-16,2373.5,2026-06-18,2371.61
8114.0,Jackson,Emily,R,Boston,MA,2108,USA,2026-02-17,866.75,2026-05-05,875.26
7563.0,King,Michael,E,Portland,ME,4101,USA,2026-03-01,1697.42,2026-05-04,1707.36
8469.0,Thomas,Sarah,Q,Charlotte,NC,28202,USA,2026-01-17,406.64,2026-01-24,405.05
9909.0,Roberts,Ashley,H,Albuquerque,NM,87102,USA,2026-03-13,634.84,2026-05-09,632.24
6521.0,Robinson,Andrew,Q,Kansas City,MO,64106,USA,2026-06-15,941.17,2026-06-18,940.78
9176.0,King,Thomas,D,Little Rock,AR,72201,USA,2026-01-12,13.09,2026-01-17,13.54
8550.0,Hall,Donald,V,Louisville,KY,40202,USA,2026-05-29,173.76,2026-06-18,171.49
6018.0,White,William,W,Atlanta,GA,30303,USA,2026-04-13,453.8,2026-06-13,450.33
7123.0,Lewis,Robert,V,Denver,CO,80202,USA,2026-03-20,1718.7,2026-04-25,1723.15
6247.0,Rodriguez,Christopher,V,Phoenix,AZ,85004,USA,2026-01-19,1523.05,2026-03-16,1523.29
9693.0,Taylor,Jessica,Y,Newark,NJ,7102,USA,2026-05-24,1996.32,2026-06-04,1997.16
8119.0,Carter,Barbara,Z,Omaha,NE,68102,USA,2026-05-28,1094.94,2026-06-04,1098.40
7436.0,Robinson,Susan,H,Sioux Falls,SD,57104,USA,2026-06-04,1229.63,2026-06-13,1228.57
9270.0,Parker,Steven,A,Las Vegas,NV,89101,USA,2026-01-09,1983.25,2026-01-16,1985.77
8115.0,White,Charles,M,New Orleans,LA,70112,USA,2026-06-08,515.52,2026-06-14,512.49
7692.0,Thomas,Jennifer,A,Portland,OR,97205,USA,2026-06-15,1122.59,2026-06-17,1120.76
9864.0,Young,Susan,B,Fargo,ND,58102,USA,2026-05-02,480.63,2026-05-19,484.45
7512.0,Scott,Sandra,S,Hartford,CT,6103,USA,2026-06-16,2121.14,2026-06-18,2123.91
6815.0,Taylor,Joseph,Z,Jackson,MS,39201,USA,2026-03-10,2321.89,2026-06-12,2330.18
7375.0,Wright,Lisa,P,Atlanta,GA,30303,USA,2026-02-07,1552.57,2026-06-02,1553.93
9367.0,Young,Sarah,E,Boston,MA,2108,USA,2026-02-03,832.95,2026-06-04,833.70
6345.0,Scott,Jennifer,A,Louisville,KY,40202,USA,2026-03-28,1365.85,2026-04-11,1371.02
7221.0,Clark,Linda,L,Nashville,TN,37203,USA,2026-01-06,358.07,2026-03-29,359.64
7671.0,Phillips,Robert,O,Sioux Falls,SD,57104,USA,2026-05-04,2319.29,2026-05-27,2328.66
6879.0,Smith,Lisa,K,Minneapolis,MN,55401,USA,2026-04-25,208.34,2026-05-01,205.63
7870.0,Lee,Robert,M,Burlington,VT,5401,USA,2026-01-11,945.25,2026-04-15,942.94
9815.0,Martin,Jessica,F,Hartford,CT,6103,USA,2026-01-10,15.44,2026-05-09,24.37
8436.0,Martinez,Mark,Z,Des Moines,IA,50309,USA,2026-02-22,691.55,2026-04-30,700.24
6648.0,Jackson,Lisa,R,Honolulu,HI,96813,USA,2026-02-14,921.96,2026-04-01,928.02
8853.0,King,Jessica,L,Philadelphia,PA,19103,USA,2026-06-16,980.7,2026-06-18,980.19
8786.0,Green,William,G,Minneapolis,MN,55401,USA,2026-04-07,2448.49,2026-04-26,2456.77
9118.0,Wright,Barbara,N,Los Angeles,CA,90012,USA,2026-01-12,2235.09,2026-02-13,2240.02
6997.0,Harris,Steven,L,Nashville,TN,37203,USA,2026-06-09,1100.15,2026-06-11,1107.12
7140.0,Adams,Jennifer,V,Fargo,ND,58102,USA,2026-01-26,377.73,2026-04-26,378.31
8076.0,Martinez,Mary,V,Salt Lake City,UT,84101,USA,2026-03-19,2408.6,2026-05-16,2414.91
8056.0,Allen,Thomas,L,Burlington,VT,5401,USA,2026-01-01,2021.87,2026-06-13,2019.20
7210.0,Green,Donald,G,Miami,FL,33130,USA,2026-01-05,1592.05,2026-05-20,1600.23
7530.0,Wright,Anthony,X,Little Rock,AR,72201,USA,2026-03-23,835.37,2026-05-06,830.97
6741.0,Hill,Donna,R,Baltimore,MD,21201,USA,2026-06-12,1060.19,2026-06-14,1058.02
8793.0,Lee,Steven,J,Des Moines,IA,50309,USA,2026-05-06,630.52,2026-05-16,636.77
6773.0,Thompson,Sandra,O,Hartford,CT,6103,USA,2026-04-23,2002.44,2026-05-28,1999.79
8846.0,Hall,Donna,O,Portland,ME,4101,USA,2026-02-07,1991.24,2026-06-08,1995.21
6871.0,Lee,Anthony,Y,New Orleans,LA,70112,USA,2026-02-20,1460.75,2026-05-24,1458.75
6615.0,Harris,Lisa,R,Chicago,IL,60601,USA,2026-01-22,750.1,2026-04-03,758.31
9076.0,Carter,Joseph,O,Charlotte,NC,28202,USA,2026-02-03,2408.83,2026-03-19,2409.67
9901.0,Johnson,Jennifer,V,Hartford,CT,6103,USA,2026-04-10,1978.23,2026-04-27,1975.90
9479.0,Martin,Michael,I,Billings,MT,59101,USA,2026-02-20,2309.43,2026-04-01,2314.40
6024.0,Nelson,Betty,D,Salt Lake City,UT,84101,USA,2026-04-16,1664.65,2026-05-06,1664.87
8444.0,Clark,Daniel,B,Overland Park,KS,66204,USA,2026-02-02,241.93,2026-03-18,242.51
9315.0,Hill,Karen,W,Sioux Falls,SD,57104,USA,2026-05-03,160.69,2026-05-23,158.39
9709.0,Young,Ashley,P,Manchester,NH,3101,USA,2026-05-24,1558.56,2026-06-18,1561.43
8341.0,Garcia,Richard,M,Las Vegas,NV,89101,USA,2026-05-24,1853.56,2026-06-09,1851.92
6184.0,Parker,Donna,Q,Overland Park,KS,66204,USA,2026-06-14,1184.17,2026-06-18,1185.06
8335.0,Johnson,Thomas,W,Seattle,WA,98101,USA,2026-05-29,59.23,2026-06-13,68.65
6149.0,Green,Donald,Q,Albuquerque,NM,87102,USA,2026-04-13,749.21,2026-05-20,758.94
9765.0,Lewis,Margaret,X,Salt Lake City,UT,84101,USA,2026-01-24,2384.01,2026-02-03,2383.32
9048.0,Garcia,Christopher,Y,Dallas,TX,75201,USA,2026-04-05,808.18,2026-05-07,814.46
8638.0,Nguyen,Steven,Y,New York,NY,10001,USA,2026-03-16,2043.41,2026-04-14,2045.56
8115.0,Hall,Sarah,V,Boise,ID,83702,USA,2026-04-18,1989.31,2026-05-20,1995.42
8317.0,Taylor,Jennifer,I,Providence,RI,2903,USA,2026-04-03,444.21,2026-04-08,448.47
8916.0,Taylor,Daniel,U,Albuquerque,NM,87102,USA,2026-05-25,654.34,2026-06-12,662.97
9677.0,Clark,Sarah,E,Milwaukee,WI,53202,USA,2026-05-03,248.88,2026-05-22,253.89
7201.0,Roberts,Paul,H,Philadelphia,PA,19103,USA,2026-02-18,1850.23,2026-04-08,1849.57
8256.0,Taylor,Joseph,I,Charleston,WV,25301,USA,2026-01-11,2138.65,2026-06-17,2146.10
6925.0,Johnson,Anthony,L,Hartford,CT,6103,USA,2026-02-19,1699.5,2026-04-21,1695.36
9862.0,Wright,Michelle,I,New Orleans,LA,70112,USA,2026-05-16,509.89,2026-05-25,506.43
6863.0,Parker,Karen,T,Boise,ID,83702,USA,2026-04-01,71.0,2026-06-09,77.95
7425.0,Martinez,Linda,G,Phoenix,AZ,85004,USA,2026-02-09,1253.4,2026-05-13,1259.33
9484.0,King,Joseph,M,Richmond,VA,23219,USA,2026-01-28,2473.95,2026-02-24,2477.23
9995.0,Adams,Barbara,X,Anchorage,AK,99501,USA,2026-06-03,1693.29,2026-06-17,1700.36
8950.0,Harris,Charles,X,Newark,NJ,7102,USA,2026-05-12,939.66,2026-05-29,936.26
7682.0,Thomas,Kimberly,I,Denver,CO,80202,USA,2026-03-13,1718.2,2026-04-05,1714.89
8845.0,White,Charles,P,Portland,OR,97205,USA,2026-06-09,781.89,2026-06-15,788.08
6344.0,Mitchell,Margaret,L,Columbia,SC,29201,USA,2026-03-21,1218.08,2026-05-03,1225.24
6672.0,White,Donald,D,Portland,OR,97205,USA,2026-02-27,321.74,2026-03-04,318.25
8216.0,Harris,Linda,Q,Charlotte,NC,28202,USA,2026-01-22,2059.54,2026-01-31,2055.04
6983.0,Garcia,Thomas,K,Cheyenne,WY,82001,USA,2026-03-13,894.97,2026-04-24,904.39
8261.0,Phillips,Lisa,T,Oklahoma City,OK,73102,USA,2026-01-28,765.18,2026-02-04,761.24
9675.0,Clark,Michelle,W,Fargo,ND,58102,USA,2026-04-19,1946.34,2026-06-08,1955.46
9010.0,Hall,Thomas,G,Detroit,MI,48226,USA,2026-06-10,484.39,2026-06-12,494.00
8144.0,Garcia,David,K,Sioux Falls,SD,57104,USA,2026-04-14,1359.12,2026-04-20,1367.63
9794.0,Hill,Charles,P,Oklahoma City,OK,73102,USA,2026-05-23,2249.8,2026-06-08,2259.08
7986.0,Smith,Joshua,I,Billings,MT,59101,USA,2026-01-29,305.51,2026-02-07,312.10
8118.0,Thompson,Ashley,M,Minneapolis,MN,55401,USA,2026-05-23,1187.33,2026-05-28,1184.95
6115.0,Green,Joseph,F,Newark,NJ,7102,USA,2026-03-02,529.06,2026-03-13,533.60
7670.0,Harris,Karen,C,Minneapolis,MN,55401,USA,2026-04-01,2151.92,2026-05-26,2151.06
8843.0,Harris,Andrew,R,Phoenix,AZ,85004,USA,2026-01-15,1985.58,2026-05-15,1991.29
9825.0,Thomas,Sandra,B,Atlanta,GA,30303,USA,2026-03-05,383.06,2026-04-20,380.47
6937.0,Walker,Mark,K,Salt Lake City,UT,84101,USA,2026-04-09,2215.95,2026-04-26,2222.76
6164.0,Phillips,Charles,R,Milwaukee,WI,53202,USA,2026-02-28,2287.89,2026-05-13,2294.70
9775.0,Clark,Mary,C,New Orleans,LA,70112,USA,2026-06-06,1908.38,2026-06-18,1909.17
8622.0,Turner,Jennifer,E,Denver,CO,80202,USA,2026-04-02,2409.99,2026-06-07,2407.62
9713.0,Turner,Linda,E,Richmond,VA,23219,USA,2026-06-10,2312.84,2026-06-18,2309.48
8159.0,Nguyen,David,A,Overland Park,KS,66204,USA,2026-04-06,2402.03,2026-04-19,2405.53
8989.0,Smith,Margaret,H,Overland Park,KS,66204,USA,2026-01-02,251.93,2026-06-01,249.93
8303.0,Lewis,Paul,D,Boston,MA,2108,USA,2026-02-18,145.62,2026-06-06,145.90
7867.0,Garcia,Susan,S,Atlanta,GA,30303,USA,2026-05-11,835.95,2026-06-12,838.33
7596.0,Lewis,Anthony,W,Miami,FL,33130,USA,2026-05-01,550.48,2026-06-16,551.98
7137.0,Phillips,Emily,Z,Portland,ME,4101,USA,2026-06-16,2030.27,2026-06-18,2026.51
9925.0,Brown,Jennifer,L,Portland,ME,4101,USA,2026-05-30,832.11,2026-06-14,836.15
6458.0,Martinez,John,O,Cheyenne,WY,82001,USA,2026-02-18,823.52,2026-06-10,824.67
6016.0,Rodriguez,Emily,L,Charleston,WV,25301,USA,2026-01-25,818.47,2026-04-11,821.51
6312.0,Robinson,Jennifer,T,Portland,ME,4101,USA,2026-04-05,851.32,2026-05-04,849.66
8759.0,Adams,Margaret,H,Billings,MT,59101,USA,2026-01-10,1512.51,2026-01-28,1520.34
8801.0,Thomas,Richard,H,Milwaukee,WI,53202,USA,2026-02-05,653.66,2026-02-25,650.03
9841.0,Turner,Jessica,Y,Columbia,SC,29201,USA,2026-01-12,2320.08,2026-01-26,2317.40
8300.0,Hill,Andrew,J,Jackson,MS,39201,USA,2026-02-20,545.13,2026-03-25,554.30
7808.0,Taylor,Richard,N,Burlington,VT,5401,USA,2026-04-23,2056.93,2026-06-02,2065.21
6548.0,Allen,Donna,U,Boston,MA,2108,USA,2026-03-09,307.71,2026-05-15,312.50
6740.0,White,Margaret,Y,Des Moines,IA,50309,USA,2026-06-16,1163.77,2026-06-18,1172.65
9584.0,Carter,Donald,K,Baltimore,MD,21201,USA,2026-01-10,912.23,2026-02-08,907.47
9238.0,Carter,Daniel,N,Boise,ID,83702,USA,2026-06-15,708.99,2026-06-17,712.65
7059.0,Thompson,Daniel,O,Nashville,TN,37203,USA,2026-02-05,1262.15,2026-04-05,1259.83
7027.0,Roberts,Nancy,Q,Wilmington,DE,19801,USA,2026-01-01,1590.97,2026-02-03,1586.63
6240.0,Mitchell,Lisa,F,Baltimore,MD,21201,USA,2026-05-26,876.36,2026-06-15,877.51
6616.0,Phillips,Mary,Y,Charlotte,NC,28202,USA,2026-01-08,2068.08,2026-05-09,2064.45
8931.0,Scott,Linda,X,Jackson,MS,39201,USA,2026-03-03,1247.34,2026-06-15,1253.34
9453.0,Mitchell,Joseph,H,Anchorage,AK,99501,USA,2026-05-02,91.89,2026-05-31,98.23
8069.0,Young,Joseph,L,Burlington,VT,5401,USA,2026-05-04,334.1,2026-05-11,337.47
7540.0,Torres,Lisa,C,Birmingham,AL,35203,USA,2026-01-13,873.35,2026-06-08,878.91
6793.0,Carter,Karen,B,Hartford,CT,6103,USA,2026-01-04,1280.3,2026-04-27,1285.94
7483.0,Hall,Joshua,F,Billings,MT,59101,USA,2026-02-07,1846.14,2026-03-26,1846.78
8618.0,Nelson,Elizabeth,Q,Kansas City,MO,64106,USA,2026-03-16,924.4,2026-05-05,924.78
9946.0,Scott,Donna,Y,Dallas,TX,75201,USA,2026-02-09,378.68,2026-04-15,375.97
9860.0,Scott,Mark,G,Sioux Falls,SD,57104,USA,2026-05-27,431.71,2026-06-08,431.09
7416.0,Torres,Steven,A,Overland Park,KS,66204,USA,2026-06-05,1139.43,2026-06-12,1146.15
8328.0,Green,Christopher,K,Cheyenne,WY,82001,USA,2026-04-04,2084.88,2026-05-12,2085.63
9575.0,Taylor,Linda,O,Louisville,KY,40202,USA,2026-06-01,972.52,2026-06-13,982.51
8095.0,Rodriguez,John,W,Columbia,SC,29201,USA,2026-06-03,1233.97,2026-06-13,1230.98
9529.0,Parker,Barbara,B,Miami,FL,33130,USA,2026-06-06,1464.42,2026-06-15,1461.64
9739.0,Harris,Christopher,L,Des Moines,IA,50309,USA,2026-05-17,2052.47,2026-06-15,2050.74
7434.0,King,Steven,X,Kansas City,MO,64106,USA,2026-05-26,333.85,2026-06-17,341.90
6939.0,Parker,Mary,A,Sioux Falls,SD,57104,USA,2026-01-17,1404.22,2026-04-05,1404.72
8477.0,Thompson,Christopher,N,Newark,NJ,7102,USA,2026-05-16,1615.62,2026-05-26,1612.30
9008.0,Taylor,Barbara,F,Overland Park,KS,66204,USA,2026-01-13,955.85,2026-06-05,961.32
7437.0,Scott,Barbara,U,Miami,FL,33130,USA,2026-03-14,1866.54,2026-05-31,1863.66
8353.0,Carter,Donna,S,Charlotte,NC,28202,USA,2026-03-18,1377.88,2026-03-25,1374.58
6641.0,Martin,Jennifer,C,Columbus,OH,43215,USA,2026-01-02,886.98,2026-02-24,894.15
9738.0,Young,Charles,D,Wilmington,DE,19801,USA,2026-04-02,2186.14,2026-06-02,2184.90
8983.0,Rodriguez,Emily,C,Seattle,WA,98101,USA,2026-06-11,1978.83,2026-06-17,1980.15
9407.0,White,Michelle,Y,Charleston,WV,25301,USA,2026-06-13,162.7,2026-06-15,167.09
6914.0,King,Michelle,C,Milwaukee,WI,53202,USA,2026-01-29,285.59,2026-03-01,284.13
8169.0,Allen,Jennifer,G,Little Rock,AR,72201,USA,2026-04-08,1408.62,2026-05-24,1409.92
8930.0,Torres,Ashley,T,Salt Lake City,UT,84101,USA,2026-01-25,1848.81,2026-05-27,1844.96
8770.0,Mitchell,Anthony,X,Honolulu,HI,96813,USA,2026-04-28,1075.91,2026-06-12,1078.46
8294.0,Nelson,Paul,P,Omaha,NE,68102,USA,2026-03-03,291.4,2026-03-23,291.90
7336.0,Martinez,Emily,C,Salt Lake City,UT,84101,USA,2026-01-06,571.77,2026-05-15,578.93
9342.0,Adams,John,X,Nashville,TN,37203,USA,2026-04-30,1957.7,2026-05-02,1956.94
8468.0,Perez,Sandra,R,Oklahoma City,OK,73102,USA,2026-04-29,285.64,2026-06-10,280.73
6503.0,Phillips,Anthony,B,Nashville,TN,37203,USA,2026-02-19,538.63,2026-06-06,539.07
7692.0,Hall,Mark,H,New York,NY,10001,USA,2026-03-16,1098.43,2026-06-04,1105.63
6518.0,Allen,Richard,G,Hartford,CT,6103,USA,2026-05-27,2005.45,2026-06-09,2010.47
9750.0,Clark,Elizabeth,F,Columbus,OH,43215,USA,2026-04-20,1317.83,2026-06-13,1313.47
8605.0,Taylor,Andrew,G,Portland,ME,4101,USA,2026-02-28,2400.11,2026-05-21,2399.65
6689.0,Young,Jessica,F,Charleston,WV,25301,USA,2026-05-05,1879.36,2026-06-17,1880.54
9686.0,Lewis,Lisa,G,Sioux Falls,SD,57104,USA,2026-04-29,2010.09,2026-05-26,2011.41
9187.0,Wright,Lisa,Z,Columbia,SC,29201,USA,2026-01-19,881.58,2026-04-19,881.01
8080.0,Garcia,Karen,V,Omaha,NE,68102,USA,2026-04-09,582.75,2026-05-03,579.21
8642.0,Torres,Margaret,O,Hartford,CT,6103,USA,2026-06-07,1692.89,2026-06-09,1700.74
6484.0,Robinson,Donna,Y,Indianapolis,IN,46204,USA,2026-03-15,2322.39,2026-05-13,2321.59
7065.0,Mitchell,Matthew,K,Louisville,KY,40202,USA,2026-05-17,500.67,2026-06-03,502.20
9098.0,Walker,Patricia,Z,Jackson,MS,39201,USA,2026-05-09,1909.72,2026-06-17,1907.76
8562.0,Lewis,Susan,M,Portland,OR,97205,USA,2026-01-28,1787.27,2026-03-06,1794.44
6935.0,Carter,Christopher,B,Chicago,IL,60601,USA,2026-06-11,489.14,2026-06-13,485.89
8497.0,Adams,Barbara,Z,Richmond,VA,23219,USA,2026-03-20,1191.23,2026-03-27,1199.53
9216.0,Taylor,Mark,E,Boise,ID,83702,USA,2026-02-24,1828.97,2026-06-02,1834.81
9947.0,Phillips,Michael,Q,Oklahoma City,OK,73102,USA,2026-02-27,113.21,2026-03-04,114.34
8256.0,Walker,Betty,V,Charlotte,NC,28202,USA,2026-06-06,1737.2,2026-06-08,1743.69
6328.0,Thomas,Kimberly,U,Des Moines,IA,50309,USA,2026-05-07,106.57,2026-06-11,116.22
6635.0,Taylor,Andrew,K,Jackson,MS,39201,USA,2026-05-22,2028.24,2026-06-12,2030.80
6824.0,Garcia,Mary,L,Boise,ID,83702,USA,2026-01-21,988.69,2026-03-20,988.56
8898.0,Roberts,Richard,H,Chicago,IL,60601,USA,2026-03-20,651.75,2026-03-29,661.36
8577.0,Carter,Robert,W,Overland Park,KS,66204,USA,2026-03-03,142.75,2026-06-02,147.94
9516.0,Roberts,Jessica,S,Billings,MT,59101,USA,2026-04-28,1705.19,2026-05-21,1706.70
8679.0,Hall,Michael,K,Honolulu,HI,96813,USA,2026-06-05,302.56,2026-06-18,302.64
7688.0,Martinez,Susan,L,Los Angeles,CA,90012,USA,2026-02-05,612.01,2026-02-17,613.45
9180.0,White,Steven,O,Milwaukee,WI,53202,USA,2026-02-12,2400.26,2026-04-25,2401.39
7338.0,Allen,Donna,H,Providence,RI,2903,USA,2026-05-20,1866.4,2026-05-27,1870.58
6480.0,Nelson,Elizabeth,W,Philadelphia,PA,19103,USA,2026-03-24,1911.03,2026-03-27,1917.01
9963.0,Allen,Paul,Z,Los Angeles,CA,90012,USA,2026-04-03,1257.01,2026-05-20,1256.42
9493.0,Adams,Michael,L,Los Angeles,CA,90012,USA,2026-02-13,363.55,2026-04-18,372.05
6283.0,Martinez,Emily,T,Omaha,NE,68102,USA,2026-02-04,985.73,2026-02-08,986.53
6668.0,Scott,Michael,M,Overland Park,KS,66204,USA,2026-06-14,2017.29,2026-06-18,2015.59
6450.0,Hill,Barbara,X,Miami,FL,33130,USA,2026-02-20,2299.18,2026-03-22,2308.78
8385.0,Allen,Andrew,G,Las Vegas,NV,89101,USA,2026-03-06,872.71,2026-06-10,877.71
9393.0,Thompson,Jessica,N,Chicago,IL,60601,USA,2026-02-13,1302.22,2026-03-19,1310.86
6961.0,Mitchell,Charles,O,Oklahoma City,OK,73102,USA,2026-04-18,406.02,2026-05-23,411.80
6302.0,Lee,John,R,Little Rock,AR,72201,USA,2026-06-01,1943.1,2026-06-04,1945.68
8814.0,Clark,Steven,E,Denver,CO,80202,USA,2026-03-11,1139.54,2026-04-26,1138.37
9975.0,Campbell,Richard,C,Birmingham,AL,35203,USA,2026-04-15,999.98,2026-06-04,1009.30
6677.0,Clark,Margaret,I,Portland,ME,4101,USA,2026-06-12,501.72,2026-06-18,508.67
6643.0,Campbell,Joseph,Q,Chicago,IL,60601,USA,2026-03-01,1117.05,2026-05-15,1123.56
7642.0,Wright,William,Q,Providence,RI,2903,USA,2026-06-16,1728.9,2026-06-18,1734.24
6068.0,Brown,Ashley,D,Los Angeles,CA,90012,USA,2026-01-10,924.04,2026-05-25,923.02
7131.0,Roberts,Thomas,M,Providence,RI,2903,USA,2026-02-24,212.36,2026-06-08,209.38
6369.0,Green,Barbara,W,Denver,CO,80202,USA,2026-01-22,1548.76,2026-02-27,1550.24
8960.0,Walker,Michelle,O,Atlanta,GA,30303,USA,2026-04-21,2009.66,2026-06-04,2015.95
7570.0,Baker,Thomas,J,Boston,MA,2108,USA,2026-01-05,1093.38,2026-01-22,1100.72
7193.0,Mitchell,William,G,Dallas,TX,75201,USA,2026-03-28,1197.41,2026-04-05,1194.30
6363.0,Rodriguez,Matthew,D,Boise,ID,83702,USA,2026-01-18,2259.74,2026-01-29,2258.68
7750.0,Turner,Patricia,L,Nashville,TN,37203,USA,2026-03-04,1687.75,2026-05-23,1688.90
8358.0,Robinson,Barbara,U,Baltimore,MD,21201,USA,2026-05-20,2210.32,2026-06-18,2215.31
7559.0,Green,Daniel,T,Omaha,NE,68102,USA,2026-02-07,1604.91,2026-04-11,1612.26
7244.0,Martinez,Karen,I,Louisville,KY,40202,USA,2026-02-04,1223.28,2026-03-06,1218.91
9755.0,Robinson,William,K,Cheyenne,WY,82001,USA,2026-02-13,1525.0,2026-06-08,1525.48
7769.0,Thomas,Donald,L,Charlotte,NC,28202,USA,2026-06-01,1421.54,2026-06-06,1416.66
6179.0,Taylor,Mary,O,Boise,ID,83702,USA,2026-05-23,788.71,2026-06-16,786.86
7227.0,Martin,Jennifer,Q,Portland,ME,4101,USA,2026-04-01,1600.04,2026-05-03,1598.63
8334.0,Hall,Patricia,S,Fargo,ND,58102,USA,2026-03-26,1650.82,2026-05-30,1650.18
9134.0,Torres,Nancy,Q,Minneapolis,MN,55401,USA,2026-05-02,924.64,2026-06-03,931.10
9972.0,Perez,Daniel,Q,Boise,ID,83702,USA,2026-03-29,291.61,2026-05-10,294.52
8400.0,Smith,Paul,R,Boston,MA,2108,USA,2026-05-13,1384.88,2026-06-15,1390.17
8681.0,Johnson,Kimberly,P,Salt Lake City,UT,84101,USA,2026-05-08,859.85,2026-06-09,861.80
8662.0,Anderson,Sandra,O,Minneapolis,MN,55401,USA,2026-02-18,1603.07,2026-02-20,1601.40
9260.0,Hall,Betty,D,Columbus,OH,43215,USA,2026-05-15,1636.29,2026-06-10,1637.43
6045.0,Parker,Mary,B,Des Moines,IA,50309,USA,2026-06-08,1782.66,2026-06-16,1787.41
9164.0,Thompson,Nancy,J,Nashville,TN,37203,USA,2026-04-24,2109.5,2026-05-24,2116.83
9922.0,Wright,Christopher,F,Des Moines,IA,50309,USA,2026-03-09,2107.14,2026-05-08,2115.45
6532.0,Parker,Michael,E,Baltimore,MD,21201,USA,2026-01-19,2238.54,2026-03-30,2237.53
9460.0,Lee,Michael,G,Columbia,SC,29201,USA,2026-06-02,585.33,2026-06-12,586.10
8336.0,Garcia,Emily,F,Portland,OR,97205,USA,2026-05-08,1837.11,2026-06-15,1833.55
9947.0,Robinson,Jessica,L,Atlanta,GA,30303,USA,2026-03-26,380.35,2026-05-03,376.39
7160.0,Turner,Matthew,C,Richmond,VA,23219,USA,2026-02-18,979.97,2026-06-07,984.04
9785.0,Mitchell,Christopher,H,Miami,FL,33130,USA,2026-03-21,688.6,2026-03-25,698.28
7741.0,Nelson,Christopher,I,Milwaukee,WI,53202,USA,2026-01-27,1603.13,2026-04-06,1604.10
7319.0,Young,Emily,Z,Louisville,KY,40202,USA,2026-04-22,2307.06,2026-06-03,2308.80
9984.0,White,Linda,Y,Overland Park,KS,66204,USA,2026-06-10,2325.67,2026-06-14,2326.37
8432.0,Nguyen,Susan,P,New York,NY,10001,USA,2026-01-10,127.51,2026-03-07,136.40
9712.0,Allen,William,M,Burlington,VT,5401,USA,2026-06-02,1761.63,2026-06-07,1768.17
9668.0,Green,Sandra,N,Salt Lake City,UT,84101,USA,2026-04-12,2307.57,2026-04-23,2304.13
8777.0,Lee,Betty,H,Little Rock,AR,72201,USA,2026-05-30,1483.01,2026-06-02,1483.60
7328.0,Roberts,Ashley,H,Honolulu,HI,96813,USA,2026-02-11,434.15,2026-05-11,437.77
7646.0,Carter,Paul,Z,Louisville,KY,40202,USA,2026-03-09,1526.32,2026-05-21,1528.75
8219.0,Phillips,Sandra,A,Omaha,NE,68102,USA,2026-02-05,2335.95,2026-02-12,2344.32
6905.0,Allen,Patricia,T,Boise,ID,83702,USA,2026-01-17,898.09,2026-03-13,906.80
8015.0,Taylor,Elizabeth,V,Providence,RI,2903,USA,2026-01-25,904.87,2026-03-23,900.10
6600.0,King,Robert,U,Detroit,MI,48226,USA,2026-05-24,527.6,2026-06-09,531.86
8774.0,Nguyen,Sarah,X,Nashville,TN,37203,USA,2026-04-13,1756.24,2026-06-11,1755.77
8765.0,Torres,Susan,G,Manchester,NH,3101,USA,2026-05-25,785.39,2026-06-17,780.62
6989.0,Garcia,Margaret,H,Las Vegas,NV,89101,USA,2026-03-03,2431.91,2026-03-26,2430.92
9619.0,Harris,Lisa,N,Phoenix,AZ,85004,USA,2026-06-09,134.66,2026-06-17,134.55
7477.0,Rodriguez,Andrew,H,Salt Lake City,UT,84101,USA,2026-06-04,267.78,2026-06-13,268.32
9543.0,Johnson,Joseph,P,Louisville,KY,40202,USA,2026-01-02,43.31,2026-05-07,38.58
9880.0,Carter,Margaret,F,Charlotte,NC,28202,USA,2026-01-22,1047.58,2026-04-22,1051.82
8318.0,Mitchell,Michelle,Y,Chicago,IL,60601,USA,2026-01-17,1556.23,2026-01-21,1565.57
9343.0,Taylor,Joseph,F,Minneapolis,MN,55401,USA,2026-03-19,330.41,2026-04-08,333.72
6582.0,Nguyen,Joseph,Y,Boston,MA,2108,USA,2026-03-30,1653.32,2026-04-17,1659.62
7278.0,Parker,Thomas,K,Hartford,CT,6103,USA,2026-03-24,2377.95,2026-06-05,2375.61
8379.0,King,Steven,H,Columbia,SC,29201,USA,2026-01-07,2083.47,2026-02-23,2083.52
7475.0,Anderson,Ashley,H,Burlington,VT,5401,USA,2026-03-08,214.7,2026-03-13,214.87
6127.0,Anderson,John,O,Billings,MT,59101,USA,2026-02-03,976.78,2026-06-16,974.75
7118.0,White,Donald,P,Boise,ID,83702,USA,2026-05-03,208.08,2026-06-12,210.06
8442.0,Carter,Michelle,U,Des Moines,IA,50309,USA,2026-02-04,1143.91,2026-02-17,1151.90
6066.0,Martin,Thomas,Z,New Orleans,LA,70112,USA,2026-02-09,515.98,2026-03-01,520.95
7406.0,Scott,Steven,T,Anchorage,AK,99501,USA,2026-01-08,518.5,2026-06-05,527.30
7427.0,Harris,Robert,T,Louisville,KY,40202,USA,2026-04-20,143.96,2026-05-03,146.66
6371.0,Hall,Emily,T,Burlington,VT,5401,USA,2026-03-30,397.93,2026-04-24,393.27
6749.0,Perez,Barbara,T,Seattle,WA,98101,USA,2026-06-02,689.85,2026-06-13,696.08
8180.0,Turner,Emily,X,Las Vegas,NV,89101,USA,2026-06-11,2432.58,2026-06-18,2432.76
9566.0,Turner,Joseph,J,Los Angeles,CA,90012,USA,2026-03-03,1155.18,2026-06-16,1151.28
8238.0,Phillips,Paul,I,Louisville,KY,40202,USA,2026-04-22,1138.57,2026-06-12,1139.55
6720.0,Rodriguez,Christopher,N,Portland,OR,97205,USA,2026-02-24,230.31,2026-04-05,232.34
8439.0,Nguyen,Donna,I,Philadelphia,PA,19103,USA,2026-06-13,313.51,2026-06-16,308.67
9912.0,Walker,Matthew,I,Denver,CO,80202,USA,2026-05-21,2438.88,2026-06-06,2436.42
6714.0,Johnson,Daniel,K,Las Vegas,NV,89101,USA,2026-04-10,1573.58,2026-04-29,1572.63
8183.0,Brown,Daniel,X,Sioux Falls,SD,57104,USA,2026-04-24,1095.28,2026-05-01,1098.58
7007.0,Young,Mary,X,Miami,FL,33130,USA,2026-02-24,883.19,2026-04-23,880.01
6804.0,Adams,Richard,T,Seattle,WA,98101,USA,2026-04-24,182.73,2026-05-27,188.25
7051.0,Johnson,Mary,D,Philadelphia,PA,19103,USA,2026-01-24,160.38,2026-05-03,157.70
9887.0,Phillips,Matthew,W,Anchorage,AK,99501,USA,2026-02-17,694.08,2026-04-18,703.86
9695.0,White,Mark,O,Los Angeles,CA,90012,USA,2026-02-08,739.83,2026-06-12,739.57
7592.0,Roberts,Anthony,B,Billings,MT,59101,USA,2026-04-26,1433.63,2026-05-12,1442.22
6563.0,Nguyen,Michael,M,Albuquerque,NM,87102,USA,2026-05-04,518.86,2026-05-20,514.98
9088.0,Carter,Patricia,V,Kansas City,MO,64106,USA,2026-04-28,1135.35,2026-05-06,1138.81
6407.0,Taylor,Michelle,S,Nashville,TN,37203,USA,2026-01-10,2311.88,2026-04-25,2316.04
8500.0,Allen,David,G,Sioux Falls,SD,57104,USA,2026-03-16,2261.88,2026-04-15,2267.22
6712.0,Perez,William,W,Boise,ID,83702,USA,2026-02-11,2187.38,2026-04-22,2196.65
7144.0,Lewis,Linda,Z,Albuquerque,NM,87102,USA,2026-01-01,2460.34,2026-03-05,2457.05
9467.0,Scott,Ashley,K,Dallas,TX,75201,USA,2026-05-18,1904.55,2026-06-09,1901.50
9281.0,Thompson,Mary,M,Cheyenne,WY,82001,USA,2026-05-21,2143.11,2026-06-01,2144.03
7185.0,Harris,Sandra,T,Portland,ME,4101,USA,2026-02-02,2424.56,2026-06-06,2423.21
9748.0,Phillips,Robert,E,Burlington,VT,5401,USA,2026-06-12,1811.05,2026-06-15,1814.25
9340.0,Martin,Jennifer,Z,Louisville,KY,40202,USA,2026-03-12,1372.13,2026-05-06,1381.63
8813.0,Young,Michael,U,Sioux Falls,SD,57104,USA,2026-01-07,97.06,2026-02-06,105.56
6181.0,Green,Paul,F,Providence,RI,2903,USA,2026-05-07,2419.95,2026-06-06,2429.45
9695.0,Hill,Linda,D,Providence,RI,2903,USA,2026-01-06,2352.11,2026-01-19,2359.33
9627.0,Martin,Lisa,V,Burlington,VT,5401,USA,2026-04-15,10.4,2026-06-06,18.55
7211.0,Rodriguez,Kimberly,E,Columbia,SC,29201,USA,2026-05-29,296.32,2026-06-13,302.92
8834.0,Torres,Paul,E,Albuquerque,NM,87102,USA,2026-03-12,1810.23,2026-04-16,1817.67
9043.0,Martinez,Sarah,U,Charleston,WV,25301,USA,2026-05-19,1930.32,2026-06-04,1936.16
6994.0,Parker,Matthew,G,Miami,FL,33130,USA,2026-02-16,1140.58,2026-03-01,1138.06
8093.0,Thomas,Elizabeth,G,Columbus,OH,43215,USA,2026-02-21,1852.48,2026-03-10,1860.17
8464.0,Anderson,Christopher,X,Boise,ID,83702,USA,2026-03-09,1287.42,2026-06-03,1290.47
8473.0,Clark,Mark,O,Indianapolis,IN,46204,USA,2026-02-08,1245.88,2026-05-06,1240.92
7347.0,Johnson,Ashley,C,Providence,RI,2903,USA,2026-02-05,245.94,2026-06-18,243.17
7506.0,Torres,Barbara,G,Louisville,KY,40202,USA,2026-02-05,1049.77,2026-03-07,1045.83
6646.0,Lee,Karen,W,Birmingham,AL,35203,USA,2026-06-13,768.98,2026-06-15,777.86
6480.0,Green,William,Y,Dallas,TX,75201,USA,2026-01-13,411.67,2026-04-19,420.47
8090.0,King,Michelle,Z,Overland Park,KS,66204,USA,2026-03-16,1564.3,2026-06-06,1567.80
9005.0,Parker,Mary,W,Manchester,NH,3101,USA,2026-02-01,1052.44,2026-05-11,1052.40
8604.0,Harris,Linda,H,Jackson,MS,39201,USA,2026-01-13,1333.13,2026-03-15,1332.18
8584.0,Garcia,Barbara,H,Columbus,OH,43215,USA,2026-03-14,2210.02,2026-06-06,2205.66
6982.0,Martinez,Michelle,G,Manchester,NH,3101,USA,2026-05-27,900.48,2026-06-04,902.10
6026.0,Thompson,Mark,A,Burlington,VT,5401,USA,2026-03-15,268.77,2026-06-18,269.03
8772.0,Brown,Donald,J,Baltimore,MD,21201,USA,2026-01-24,1021.15,2026-05-12,1029.24
6592.0,Scott,David,V,Honolulu,HI,96813,USA,2026-02-23,2406.48,2026-03-25,2410.90
8659.0,Clark,Charles,G,Detroit,MI,48226,USA,2026-04-30,1124.39,2026-05-11,1131.71
7212.0,King,Paul,B,Billings,MT,59101,USA,2026-06-03,1710.74,2026-06-15,1720.47
7331.0,Johnson,Christopher,T,Overland Park,KS,66204,USA,2026-02-05,1321.14,2026-03-31,1317.24
8097.0,Perez,Ashley,C,Chicago,IL,60601,USA,2026-02-05,593.48,2026-03-17,596.11
9117.0,Johnson,Richard,G,Los Angeles,CA,90012,USA,2026-06-12,513.36,2026-06-18,511.08
9727.0,Anderson,Sandra,Q,Portland,ME,4101,USA,2026-02-12,2203.87,2026-05-26,2205.46
8606.0,Scott,Paul,Z,Boston,MA,2108,USA,2026-02-18,384.55,2026-04-13,380.86
8264.0,Anderson,Robert,K,Kansas City,MO,64106,USA,2026-05-20,1482.67,2026-06-01,1489.90
9906.0,Perez,Linda,J,Detroit,MI,48226,USA,2026-05-10,2348.04,2026-06-02,2356.65
6827.0,Brown,Mary,D,Jackson,MS,39201,USA,2026-06-03,347.29,2026-06-13,346.72
8212.0,Torres,Mark,O,Jackson,MS,39201,USA,2026-01-07,1330.38,2026-06-01,1337.92
7796.0,Young,Daniel,D,Omaha,NE,68102,USA,2026-01-01,1533.22,2026-04-21,1531.50
7254.0,Allen,Sandra,W,Providence,RI,2903,USA,2026-02-12,502.0,2026-05-03,501.71
6082.0,Nelson,Michael,D,Chicago,IL,60601,USA,2026-04-25,1262.34,2026-06-14,1269.13
8314.0,King,Ashley,I,Boise,ID,83702,USA,2026-05-07,1378.23,2026-06-02,1381.19
7624.0,Green,Christopher,H,Providence,RI,2903,USA,2026-04-23,1951.23,2026-05-22,1951.78
8360.0,Carter,Karen,H,Little Rock,AR,72201,USA,2026-04-19,1247.15,2026-06-12,1244.69
7211.0,Young,Betty,H,Honolulu,HI,96813,USA,2026-04-02,422.54,2026-06-08,422.14
8708.0,Roberts,Betty,U,Newark,NJ,7102,USA,2026-02-28,1381.32,2026-05-24,1381.83
6931.0,Brown,David,D,Kansas City,MO,64106,USA,2026-01-11,1411.13,2026-03-03,1411.69
7215.0,Perez,Donna,T,Sioux Falls,SD,57104,USA,2026-05-29,1099.45,2026-06-06,1100.08
6332.0,Martinez,William,O,Omaha,NE,68102,USA,2026-02-21,160.78,2026-05-22,160.96
7590.0,Phillips,Nancy,W,New York,NY,10001,USA,2026-05-14,2488.34,2026-06-03,2495.44
6222.0,Clark,Paul,G,Little Rock,AR,72201,USA,2026-01-07,1395.42,2026-04-19,1404.33
9289.0,Garcia,Paul,Z,Las Vegas,NV,89101,USA,2026-03-30,1179.26,2026-06-17,1180.67
9132.0,Phillips,David,B,Portland,ME,4101,USA,2026-06-03,2210.51,2026-06-05,2210.74
8702.0,Green,John,X,Richmond,VA,23219,USA,2026-04-25,1311.13,2026-06-10,1312.85
6806.0,Allen,Margaret,I,Baltimore,MD,21201,USA,2026-01-03,1388.59,2026-02-03,1392.90
7740.0,Roberts,Charles,I,Portland,ME,4101,USA,2026-05-05,1875.55,2026-05-08,1881.90
7886.0,Jackson,Donna,A,Little Rock,AR,72201,USA,2026-05-20,780.2,2026-05-22,789.78
6644.0,Brown,Mark,D,Kansas City,MO,64106,USA,2026-04-09,171.93,2026-04-24,175.34
6474.0,Clark,Ashley,Y,Milwaukee,WI,53202,USA,2026-01-02,838.1,2026-04-29,833.66
9280.0,Walker,Joseph,K,Las Vegas,NV,89101,USA,2026-02-13,433.57,2026-03-01,435.87
6198.0,Campbell,Jennifer,K,New Orleans,LA,70112,USA,2026-04-16,1859.74,2026-05-08,1864.73
6281.0,Garcia,David,Y,Columbus,OH,43215,USA,2026-05-31,823.73,2026-06-14,826.41
9334.0,Campbell,Jennifer,H,Miami,FL,33130,USA,2026-05-21,2437.22,2026-06-07,2433.03
6759.0,Perez,Margaret,T,Detroit,MI,48226,USA,2026-01-10,1757.97,2026-05-06,1767.06
7797.0,Wright,Patricia,Y,Birmingham,AL,35203,USA,2026-04-14,2149.84,2026-05-13,2152.00
9191.0,Walker,Linda,X,Boston,MA,2108,USA,2026-06-05,1572.31,2026-06-12,1569.93
9489.0,Nelson,Thomas,A,Phoenix,AZ,85004,USA,2026-06-06,1368.12,2026-06-15,1371.77
8041.0,White,Steven,L,Phoenix,AZ,85004,USA,2026-02-23,1392.31,2026-05-06,1396.68
6644.0,Anderson,Paul,G,New York,NY,10001,USA,2026-06-08,850.97,2026-06-15,857.62
9176.0,Adams,David,M,Portland,OR,97205,USA,2026-06-09,2262.97,2026-06-16,2263.20
6614.0,Robinson,Daniel,J,Dallas,TX,75201,USA,2026-03-23,1168.02,2026-05-26,1175.30
6853.0,Baker,William,N,Boston,MA,2108,USA,2026-04-02,1725.58,2026-06-13,1729.99
9211.0,Parker,Charles,I,Honolulu,HI,96813,USA,2026-05-22,477.07,2026-05-25,479.55
9186.0,Robinson,Margaret,Y,Portland,ME,4101,USA,2026-05-06,1924.07,2026-06-04,1925.07
7793.0,Hall,Emily,I,Kansas City,MO,64106,USA,2026-03-06,2263.02,2026-06-12,2261.16
9779.0,Nguyen,Charles,S,Portland,ME,4101,USA,2026-06-04,1881.7,2026-06-10,1885.05
7141.0,Scott,Joseph,Y,Chicago,IL,60601,USA,2026-01-09,1319.63,2026-06-01,1328.30
6371.0,Harris,Michael,F,Detroit,MI,48226,USA,2026-01-09,1663.3,2026-01-26,1664.27
9870.0,Walker,Ashley,J,Cheyenne,WY,82001,USA,2026-01-04,2246.7,2026-03-01,2249.05
9852.0,Garcia,Robert,V,Fargo,ND,58102,USA,2026-01-31,882.56,2026-02-15,878.88
9705.0,Robinson,Elizabeth,O,Richmond,VA,23219,USA,2026-01-25,795.88,2026-04-23,804.85
8873.0,Nguyen,Thomas,D,Boston,MA,2108,USA,2026-01-29,1871.97,2026-06-16,1881.27
8900.0,Baker,Michael,O,New Orleans,LA,70112,USA,2026-01-23,953.78,2026-01-27,953.24
6308.0,Lewis,Anthony,T,Louisville,KY,40202,USA,2026-03-17,725.43,2026-06-13,726.05
7160.0,Carter,Linda,V,Chicago,IL,60601,USA,2026-06-02,541.49,2026-06-16,550.45
9348.0,Perez,Barbara,E,Boise,ID,83702,USA,2026-06-06,1705.59,2026-06-14,1712.87
6279.0,Roberts,John,C,Philadelphia,PA,19103,USA,2026-04-25,2205.34,2026-05-15,2203.06
8025.0,Scott,Jennifer,T,Salt Lake City,UT,84101,USA,2026-05-17,2479.61,2026-05-21,2489.49
7124.0,Baker,John,V,Boston,MA,2108,USA,2026-06-15,658.7,2026-06-18,657.67
6936.0,Garcia,Christopher,G,Seattle,WA,98101,USA,2026-01-27,1443.57,2026-03-26,1445.23
6865.0,Johnson,Jessica,W,Providence,RI,2903,USA,2026-06-15,218.74,2026-06-18,214.29
9092.0,Campbell,Michelle,Q,Albuquerque,NM,87102,USA,2026-01-18,2077.3,2026-04-19,2078.52
6341.0,Hall,Anthony,N,Portland,OR,97205,USA,2026-04-24,1540.14,2026-05-24,1535.20
6899.0,Martinez,Elizabeth,M,Fargo,ND,58102,USA,2026-04-23,2373.0,2026-06-07,2374.35
6917.0,Torres,Sarah,F,Boise,ID,83702,USA,2026-05-01,1849.68,2026-05-11,1854.46
9217.0,Allen,Matthew,C,Portland,ME,4101,USA,2026-04-30,1128.31,2026-06-04,1132.42
7027.0,Carter,Sandra,P,Providence,RI,2903,USA,2026-05-13,1096.9,2026-06-11,1095.17
9407.0,Turner,John,Z,Sioux Falls,SD,57104,USA,2026-05-24,2370.57,2026-06-14,2370.73
9237.0,Mitchell,Donald,A,Des Moines,IA,50309,USA,2026-02-15,1086.92,2026-03-08,1093.38
7130.0,Nguyen,Susan,Z,Boise,ID,83702,USA,2026-02-06,1698.76,2026-06-16,1705.02
7989.0,Garcia,Donna,M,Charlotte,NC,28202,USA,2026-06-09,1004.66,2026-06-16,1006.52
8508.0,King,Sarah,C,Louisville,KY,40202,USA,2026-04-29,221.8,2026-05-11,220.78
7140.0,Campbell,Emily,M,Indianapolis,IN,46204,USA,2026-03-31,833.85,2026-05-25,832.65
7095.0,Adams,Christopher,X,New York,NY,10001,USA,2026-05-09,217.59,2026-05-13,220.82
7527.0,Clark,James,W,Columbia,SC,29201,USA,2026-05-14,902.66,2026-05-20,903.03
6354.0,Carter,Lisa,U,Philadelphia,PA,19103,USA,2026-03-28,2200.21,2026-04-24,2210.03
6659.0,Nguyen,Ashley,O,Phoenix,AZ,85004,USA,2026-02-19,1882.16,2026-05-27,1887.40
7857.0,Nguyen,Nancy,C,Portland,OR,97205,USA,2026-03-27,1266.83,2026-04-27,1269.25
6236.0,Adams,Charles,E,Overland Park,KS,66204,USA,2026-05-01,605.71,2026-05-14,610.98
9684.0,Parker,Steven,P,Omaha,NE,68102,USA,2026-02-28,1277.89,2026-06-09,1280.74
8714.0,Turner,Kimberly,E,Portland,ME,4101,USA,2026-04-02,1965.21,2026-05-26,1966.83
9304.0,Walker,Donald,Z,Anchorage,AK,99501,USA,2026-02-20,2122.71,2026-05-21,2124.69
7767.0,Smith,Karen,E,Sioux Falls,SD,57104,USA,2026-04-15,848.62,2026-05-07,845.44
9120.0,Thompson,Charles,F,Anchorage,AK,99501,USA,2026-03-27,395.68,2026-05-12,399.37
8330.0,Parker,Joseph,Y,Salt Lake City,UT,84101,USA,2026-01-26,650.59,2026-02-16,652.54
6901.0,Thompson,Joshua,Q,Billings,MT,59101,USA,2026-04-27,2400.25,2026-06-02,2402.30
6120.0,Adams,William,R,Phoenix,AZ,85004,USA,2026-05-22,1990.92,2026-06-01,1993.22
8850.0,Hall,Paul,R,Charlotte,NC,28202,USA,2026-04-30,1239.24,2026-06-06,1238.67
9644.0,King,Mary,X,Los Angeles,CA,90012,USA,2026-03-16,1132.92,2026-04-03,1129.44
8705.0,Nguyen,Susan,B,Minneapolis,MN,55401,USA,2026-03-16,198.0,2026-04-07,202.74
6999.0,Adams,Emily,B,Salt Lake City,UT,84101,USA,2026-05-30,2417.17,2026-06-05,2419.57
7638.0,Turner,James,K,Burlington,VT,5401,USA,2026-02-14,1117.06,2026-04-05,1113.99
7415.0,White,Michelle,O,Des Moines,IA,50309,USA,2026-05-05,2006.96,2026-05-22,2014.48
8533.0,Jackson,Elizabeth,W,Columbia,SC,29201,USA,2026-02-01,2387.34,2026-03-24,2391.84
8836.0,Baker,Michael,N,Louisville,KY,40202,USA,2026-01-24,1446.71,2026-05-09,1442.45
8537.0,White,Steven,P,Salt Lake City,UT,84101,USA,2026-04-18,775.28,2026-05-21,778.34
6552.0,Harris,Charles,T,Charlotte,NC,28202,USA,2026-05-10,1610.87,2026-05-23,1618.45
8890.0,Martin,Daniel,A,Miami,FL,33130,USA,2026-02-27,1338.72,2026-03-04,1340.15
9039.0,Carter,Lisa,L,Cheyenne,WY,82001,USA,2026-01-30,2377.38,2026-03-20,2385.34
7938.0,Rodriguez,Linda,Y,Little Rock,AR,72201,USA,2026-01-22,67.67,2026-06-12,64.98
6837.0,Torres,Anthony,L,Des Moines,IA,50309,USA,2026-03-04,1147.08,2026-06-14,1144.22
6985.0,Allen,Daniel,L,Columbus,OH,43215,USA,2026-01-08,2404.0,2026-05-01,2409.10
8788.0,Garcia,William,E,Boston,MA,2108,USA,2026-03-13,2422.81,2026-05-10,2427.48
6510.0,Clark,Elizabeth,L,Little Rock,AR,72201,USA,2026-03-07,1558.93,2026-04-26,1557.81
8533.0,Taylor,Barbara,Y,Boise,ID,83702,USA,2026-06-12,1667.9,2026-06-15,1675.33
7252.0,King,Kimberly,L,Fargo,ND,58102,USA,2026-03-05,1410.96,2026-05-18,1420.29
7969.0,Baker,Patricia,R,Charleston,WV,25301,USA,2026-02-14,1371.97,2026-04-15,1373.01
6617.0,Nelson,Thomas,P,Columbia,SC,29201,USA,2026-05-22,1391.62,2026-06-06,1391.10
7416.0,Lee,Jennifer,T,Salt Lake City,UT,84101,USA,2026-01-29,1165.89,2026-06-14,1167.42
7793.0,Rodriguez,Susan,Y,Burlington,VT,5401,USA,2026-06-04,360.67,2026-06-14,356.97
6726.0,Parker,Karen,T,Hartford,CT,6103,USA,2026-05-15,247.53,2026-06-02,252.29
6893.0,Lee,Thomas,B,Milwaukee,WI,53202,USA,2026-04-08,2122.99,2026-05-02,2119.09
7849.0,Perez,William,W,Atlanta,GA,30303,USA,2026-06-01,318.54,2026-06-05,321.04
9998.0,Wright,Michael,J,Kansas City,MO,64106,USA,2026-01-13,979.03,2026-03-08,978.33
8824.0,Phillips,Andrew,H,Fargo,ND,58102,USA,2026-02-26,951.75,2026-03-15,946.80
9728.0,Campbell,John,O,Las Vegas,NV,89101,USA,2026-03-22,2403.64,2026-05-30,2403.34
8095.0,Thompson,Donna,Q,Denver,CO,80202,USA,2026-03-03,2399.73,2026-04-14,2400.26
7368.0,King,Mary,S,Omaha,NE,68102,USA,2026-05-08,1772.46,2026-05-14,1770.62
8280.0,Hall,Lisa,E,Louisville,KY,40202,USA,2026-01-27,2451.63,2026-06-08,2459.76
8363.0,Turner,Barbara,W,Detroit,MI,48226,USA,2026-06-03,365.37,2026-06-18,365.15
7311.0,Lee,Patricia,Y,Fargo,ND,58102,USA,2026-05-23,2254.8,2026-06-05,2255.25
6256.0,Scott,Christopher,Y,Chicago,IL,60601,USA,2026-05-20,2495.57,2026-06-14,2500.48
7934.0,Carter,Daniel,Y,Newark,NJ,7102,USA,2026-02-03,1116.34,2026-06-18,1118.63
8840.0,Mitchell,David,H,Fargo,ND,58102,USA,2026-03-17,583.63,2026-04-20,592.63
7512.0,Walker,John,H,Seattle,WA,98101,USA,2026-04-01,1549.94,2026-05-03,1552.65
9340.0,Carter,Mary,L,Newark,NJ,7102,USA,2026-05-16,880.8,2026-06-17,890.50
7287.0,Thomas,Anthony,O,Los Angeles,CA,90012,USA,2026-02-12,1578.98,2026-05-21,1579.58
9057.0,King,Patricia,J,Milwaukee,WI,53202,USA,2026-03-21,1392.86,2026-05-05,1399.14
7062.0,Martinez,Mark,B,Richmond,VA,23219,USA,2026-06-09,660.99,2026-06-12,656.62
6903.0,Rodriguez,Christopher,F,Columbus,OH,43215,USA,2026-02-01,1717.98,2026-04-21,1719.62
7243.0,Parker,John,D,Oklahoma City,OK,73102,USA,2026-04-01,2304.36,2026-05-20,2304.00
8848.0,Turner,Charles,G,Wilmington,DE,19801,USA,2026-01-16,1683.96,2026-02-24,1687.72
8961.0,Young,Margaret,H,Denver,CO,80202,USA,2026-01-09,131.06,2026-02-24,140.17
9782.0,Carter,Sandra,Q,Oklahoma City,OK,73102,USA,2026-04-01,2399.39,2026-05-18,2405.31
7160.0,Nelson,Linda,Z,Indianapolis,IN,46204,USA,2026-03-19,1129.04,2026-04-12,1137.99
9088.0,Garcia,James,F,New York,NY,10001,USA,2026-02-08,991.46,2026-04-11,998.61
7148.0,Brown,John,J,Wilmington,DE,19801,USA,2026-04-15,1455.64,2026-05-06,1451.00
8268.0,Walker,Michelle,G,Denver,CO,80202,USA,2026-05-20,626.71,2026-06-08,630.82
9791.0,Perez,Emily,H,Albuquerque,NM,87102,USA,2026-02-07,2075.29,2026-06-11,2083.87
7841.0,Allen,Matthew,Q,Portland,OR,97205,USA,2026-04-09,2318.91,2026-05-02,2316.90
9100.0,Robinson,Mark,V,Little Rock,AR,72201,USA,2026-01-22,1749.42,2026-05-29,1745.97
8047.0,Phillips,Donald,H,Las Vegas,NV,89101,USA,2026-02-25,1493.06,2026-06-04,1501.26
7817.0,Parker,Anthony,W,Los Angeles,CA,90012,USA,2026-03-17,2461.42,2026-04-25,2464.56
9160.0,Campbell,Betty,K,Portland,ME,4101,USA,2026-03-07,1224.6,2026-06-02,1233.10
9530.0,Smith,James,X,Los Angeles,CA,90012,USA,2026-02-15,948.71,2026-05-01,947.50
7469.0,Jackson,Emily,R,Atlanta,GA,30303,USA,2026-02-14,1939.22,2026-04-28,1937.14
9409.0,Phillips,Anthony,N,Detroit,MI,48226,USA,2026-04-27,92.07,2026-05-05,95.16
7363.0,Allen,Jennifer,D,Honolulu,HI,96813,USA,2026-01-22,1548.22,2026-06-07,1546.41
9847.0,Clark,Richard,I,Little Rock,AR,72201,USA,2026-06-13,1732.64,2026-06-18,1742.42
7418.0,Scott,Elizabeth,K,Los Angeles,CA,90012,USA,2026-04-16,2061.46,2026-05-03,2067.14
8592.0,Young,William,Q,Columbus,OH,43215,USA,2026-01-17,2001.27,2026-05-30,2001.73
6479.0,Torres,Michael,G,Dallas,TX,75201,USA,2026-05-03,215.24,2026-06-05,223.29
9908.0,Garcia,Daniel,E,Cheyenne,WY,82001,USA,2026-06-11,1492.28,2026-06-18,1494.99
7318.0,Allen,Daniel,H,Newark,NJ,7102,USA,2026-05-10,416.3,2026-06-06,425.09
6916.0,Hill,Mark,T,Kansas City,MO,64106,USA,2026-05-22,941.58,2026-06-04,940.08
8064.0,Rodriguez,Ashley,W,Columbia,SC,29201,USA,2026-04-08,1883.67,2026-06-17,1882.13
8092.0,Carter,Mary,V,Kansas City,MO,64106,USA,2026-05-24,1214.04,2026-06-07,1211.13
8402.0,Nguyen,Joseph,S,Sioux Falls,SD,57104,USA,2026-04-19,2041.49,2026-05-12,2036.88
7162.0,Green,Mark,J,Birmingham,AL,35203,USA,2026-02-23,27.23,2026-06-07,35.87
8170.0,Thomas,Thomas,M,Baltimore,MD,21201,USA,2026-03-28,1801.15,2026-04-03,1801.50
6730.0,Adams,Christopher,R,Philadelphia,PA,19103,USA,2026-01-24,1607.25,2026-05-31,1607.61
7355.0,Martinez,Karen,P,Dallas,TX,75201,USA,2026-03-17,258.66,2026-04-06,259.75
6144.0,Hill,Joseph,A,Kansas City,MO,64106,USA,2026-01-17,288.78,2026-04-27,289.49
7696.0,Hall,Lisa,D,Seattle,WA,98101,USA,2026-03-26,413.49,2026-05-16,410.53
6935.0,Jackson,William,G,Philadelphia,PA,19103,USA,2026-02-18,2277.14,2026-03-25,2274.19
7797.0,Garcia,Jennifer,D,Louisville,KY,40202,USA,2026-01-12,842.38,2026-02-13,847.83
6907.0,Roberts,Donald,I,Portland,ME,4101,USA,2026-01-12,1084.27,2026-03-30,1079.82
8094.0,Thompson,Robert,X,Minneapolis,MN,55401,USA,2026-03-24,961.26,2026-06-15,964.54
9257.0,Thompson,Kimberly,N,Charleston,WV,25301,USA,2026-02-11,182.89,2026-06-13,191.46
8847.0,Martinez,John,T,Wilmington,DE,19801,USA,2026-05-23,2003.32,2026-06-05,2007.79
8441.0,Rodriguez,John,H,Dallas,TX,75201,USA,2026-03-25,1482.67,2026-05-10,1484.91
8637.0,King,James,H,Los Angeles,CA,90012,USA,2026-05-27,2467.56,2026-06-02,2467.30
8958.0,Perez,Matthew,U,Fargo,ND,58102,USA,2026-04-05,1420.22,2026-06-05,1425.65
7380.0,Lee,Jessica,A,Billings,MT,59101,USA,2026-04-03,813.22,2026-05-02,818.35
8347.0,Garcia,Donald,M,Birmingham,AL,35203,USA,2026-01-01,1291.49,2026-01-06,1295.76
6380.0,Thomas,Barbara,I,Phoenix,AZ,85004,USA,2026-05-05,2466.11,2026-06-13,2469.75
7974.0,Turner,Christopher,V,Providence,RI,2903,USA,2026-05-25,1647.79,2026-06-16,1648.08
8612.0,Thomas,Joshua,D,Newark,NJ,7102,USA,2026-01-21,418.36,2026-06-18,424.27
7176.0,Walker,Charles,D,Indianapolis,IN,46204,USA,2026-05-23,1967.28,2026-06-01,1969.77
9032.0,Baker,Joshua,T,Manchester,NH,3101,USA,2026-03-22,2052.95,2026-06-11,2052.09
7268.0,Thomas,Paul,Q,Honolulu,HI,96813,USA,2026-03-04,167.07,2026-05-29,175.47
6962.0,Turner,David,Z,Billings,MT,59101,USA,2026-06-11,1760.61,2026-06-16,1758.07
9610.0,Garcia,Anthony,A,Kansas City,MO,64106,USA,2026-03-18,2252.44,2026-03-27,2254.75
8516.0,Parker,Sarah,O,Chicago,IL,60601,USA,2026-06-08,1818.91,2026-06-18,1823.48
7140.0,Rodriguez,Andrew,D,Columbia,SC,29201,USA,2026-02-11,2083.64,2026-03-13,2079.66
6921.0,Robinson,David,B,Oklahoma City,OK,73102,USA,2026-02-14,1279.18,2026-06-02,1287.60
6645.0,Hall,Charles,J,Charlotte,NC,28202,USA,2026-06-06,1345.12,2026-06-13,1346.59
9969.0,Campbell,Betty,P,Columbia,SC,29201,USA,2026-04-19,1943.04,2026-05-29,1950.30
8869.0,Nguyen,Karen,S,Little Rock,AR,72201,USA,2026-04-28,1755.77,2026-06-08,1765.28
7303.0,Young,Michael,Q,Columbus,OH,43215,USA,2026-04-27,1845.56,2026-06-18,1846.83
6873.0,Jackson,Joseph,G,Chicago,IL,60601,USA,2026-06-08,1424.54,2026-06-10,1429.12
8657.0,Young,Margaret,G,Birmingham,AL,35203,USA,2026-02-06,254.47,2026-02-24,263.00
6076.0,Lee,David,K,Kansas City,MO,64106,USA,2026-06-14,1294.23,2026-06-16,1297.78
9634.0,Adams,Matthew,O,Richmond,VA,23219,USA,2026-01-07,1085.23,2026-03-30,1086.18
7099.0,Robinson,Paul,Y,Des Moines,IA,50309,USA,2026-04-17,384.06,2026-04-25,380.64
8266.0,King,Sarah,M,Detroit,MI,48226,USA,2026-03-01,646.64,2026-03-26,643.14
9378.0,Baker,Joshua,T,Kansas City,MO,64106,USA,2026-04-18,1868.55,2026-05-30,1875.75
9826.0,Jackson,Andrew,B,Burlington,VT,5401,USA,2026-06-02,2201.15,2026-06-09,2200.65
6964.0,Thompson,Sarah,K,Louisville,KY,40202,USA,2026-01-12,857.59,2026-02-13,864.13
8369.0,Phillips,Susan,L,Detroit,MI,48226,USA,2026-06-14,1775.75,2026-06-16,1774.22
6999.0,Robinson,Susan,D,Portland,OR,97205,USA,2026-04-06,1016.66,2026-04-16,1011.98
7787.0,Taylor,Robert,T,Cheyenne,WY,82001,USA,2026-06-04,362.84,2026-06-10,370.52
9671.0,Lee,Lisa,A,Milwaukee,WI,53202,USA,2026-06-01,2425.36,2026-06-10,2431.83
8919.0,King,Ashley,H,Las Vegas,NV,89101,USA,2026-02-06,1455.07,2026-04-21,1453.38
8410.0,Taylor,Jessica,D,Providence,RI,2903,USA,2026-03-06,1725.53,2026-05-21,1735.13
9222.0,Parker,Betty,Q,Wilmington,DE,19801,USA,2026-06-13,328.49,2026-06-17,335.76
8093.0,King,Donna,C,Honolulu,HI,96813,USA,2026-05-09,82.69,2026-05-15,89.68
7915.0,Harris,Emily,O,Charlotte,NC,28202,USA,2026-04-28,1438.79,2026-05-13,1434.41
6088.0,Mitchell,Joseph,C,Dallas,TX,75201,USA,2026-04-25,1775.08,2026-05-31,1783.11
7034.0,Phillips,Steven,B,Birmingham,AL,35203,USA,2026-02-18,1186.29,2026-05-19,1188.35
9871.0,Taylor,David,R,Nashville,TN,37203,USA,2026-03-20,397.91,2026-04-05,395.61
8953.0,Thompson,Donald,L,Nashville,TN,37203,USA,2026-02-05,123.8,2026-04-16,120.50
7596.0,Mitchell,Michelle,B,Baltimore,MD,21201,USA,2026-04-11,528.75,2026-04-24,525.28
9524.0,Martinez,Jessica,U,Sioux Falls,SD,57104,USA,2026-06-14,1383.1,2026-06-17,1390.84
9720.0,Lewis,Thomas,U,Salt Lake City,UT,84101,USA,2026-06-09,815.2,2026-06-11,818.54
7982.0,Walker,Joseph,M,Little Rock,AR,72201,USA,2026-01-26,1555.16,2026-05-29,1555.65
7354.0,Perez,James,P,Hartford,CT,6103,USA,2026-05-27,2034.05,2026-05-29,2036.93
9272.0,Carter,Daniel,J,Manchester,NH,3101,USA,2026-04-13,2058.75,2026-05-03,2058.03
7630.0,Perez,William,F,Salt Lake City,UT,84101,USA,2026-06-05,2340.58,2026-06-15,2336.43
9580.0,Johnson,Elizabeth,F,Des Moines,IA,50309,USA,2026-01-26,897.97,2026-06-01,898.13
6821.0,Taylor,Sarah,T,Honolulu,HI,96813,USA,2026-04-19,1246.14,2026-06-15,1254.61
7115.0,Taylor,Anthony,Z,Detroit,MI,48226,USA,2026-01-09,1657.62,2026-01-23,1666.57
9866.0,Scott,Matthew,G,Omaha,NE,68102,USA,2026-06-06,288.13,2026-06-17,292.80
9667.0,Lee,Jennifer,G,Minneapolis,MN,55401,USA,2026-02-14,1506.03,2026-04-27,1507.08
6134.0,Martin,Karen,Y,Columbia,SC,29201,USA,2026-03-06,640.93,2026-06-11,644.43
8635.0,Adams,Sandra,L,Seattle,WA,98101,USA,2026-02-23,1965.78,2026-04-01,1973.44
8042.0,Adams,Michael,N,Birmingham,AL,35203,USA,2026-04-04,1037.31,2026-05-30,1035.88
9093.0,Hill,Paul,L,Boise,ID,83702,USA,2026-01-04,274.6,2026-04-18,276.03
9232.0,Smith,Kimberly,H,Chicago,IL,60601,USA,2026-05-24,1592.38,2026-06-01,1587.67
8261.0,White,Mark,U,Cheyenne,WY,82001,USA,2026-06-03,2380.36,2026-06-05,2390.27
9019.0,King,David,C,Little Rock,AR,72201,USA,2026-02-11,2232.86,2026-03-21,2235.02
7063.0,Garcia,Anthony,W,New Orleans,LA,70112,USA,2026-01-03,1109.82,2026-05-16,1111.35
8951.0,Hall,John,U,Chicago,IL,60601,USA,2026-05-27,2106.45,2026-06-18,2102.39
9849.0,Baker,Emily,Y,Dallas,TX,75201,USA,2026-06-07,1685.71,2026-06-16,1693.83
9941.0,Thomas,Charles,B,Indianapolis,IN,46204,USA,2026-05-13,1174.47,2026-06-11,1173.71
6639.0,Robinson,Steven,X,Boston,MA,2108,USA,2026-04-24,1114.59,2026-06-03,1118.08
7408.0,Hill,Margaret,K,Newark,NJ,7102,USA,2026-04-01,1202.18,2026-06-03,1208.38
9978.0,Scott,Sarah,O,Honolulu,HI,96813,USA,2026-01-04,910.15,2026-05-08,918.38
7895.0,Robinson,Richard,H,Atlanta,GA,30303,USA,2026-02-13,2147.12,2026-02-20,2146.03
6430.0,Thompson,Anthony,Q,Portland,OR,97205,USA,2026-02-01,2370.32,2026-04-09,2375.56
6683.0,Phillips,Margaret,B,Jackson,MS,39201,USA,2026-01-31,999.74,2026-05-05,995.86
6681.0,Nelson,Andrew,U,Nashville,TN,37203,USA,2026-06-16,1755.38,2026-06-18,1763.43
6383.0,Perez,Mark,Q,Sioux Falls,SD,57104,USA,2026-02-27,2202.03,2026-04-04,2206.07
9874.0,Green,Kimberly,U,Birmingham,AL,35203,USA,2026-01-22,254.92,2026-03-27,253.46
7415.0,Wright,Jennifer,U,Philadelphia,PA,19103,USA,2026-01-23,1396.24,2026-06-05,1398.93
7908.0,Jackson,Ashley,R,Philadelphia,PA,19103,USA,2026-04-26,1467.44,2026-06-09,1462.93
9022.0,Johnson,Emily,K,Little Rock,AR,72201,USA,2026-02-26,1884.47,2026-06-01,1885.74
7074.0,Torres,Lisa,W,Charlotte,NC,28202,USA,2026-01-06,1392.14,2026-03-14,1395.22
6204.0,Baker,Thomas,B,Kansas City,MO,64106,USA,2026-06-14,1055.55,2026-06-17,1054.85
8098.0,Carter,Susan,E,Charlotte,NC,28202,USA,2026-01-30,2380.32,2026-06-04,2385.83
8675.0,Hill,Donald,Q,Hartford,CT,6103,USA,2026-02-28,1929.19,2026-04-09,1935.99
9897.0,Rodriguez,Elizabeth,H,Columbia,SC,29201,USA,2026-02-07,1444.92,2026-04-02,1441.86
7303.0,Anderson,Joshua,O,New York,NY,10001,USA,2026-03-14,1411.69,2026-05-21,1421.42
6508.0,Johnson,Daniel,H,Detroit,MI,48226,USA,2026-01-01,1076.99,2026-03-30,1072.01
6482.0,Campbell,Anthony,J,Charleston,WV,25301,USA,2026-06-04,391.41,2026-06-18,399.16
9068.0,Wright,Thomas,J,Dallas,TX,75201,USA,2026-02-19,964.28,2026-05-31,965.99
8175.0,Lewis,Margaret,A,Seattle,WA,98101,USA,2026-02-15,1664.01,2026-02-19,1661.00
8739.0,Campbell,Richard,Z,Milwaukee,WI,53202,USA,2026-05-30,1016.49,2026-06-03,1020.63
7042.0,Rodriguez,Richard,O,Wilmington,DE,19801,USA,2026-04-25,802.23,2026-06-18,806.69
9384.0,Mitchell,Nancy,G,Portland,ME,4101,USA,2026-03-08,1225.04,2026-03-17,1228.45
7294.0,Turner,Ashley,Q,Providence,RI,2903,USA,2026-01-13,538.14,2026-06-09,544.55
7010.0,Smith,Joseph,E,Milwaukee,WI,53202,USA,2026-02-09,782.31,2026-05-19,787.73
9203.0,Hall,Mary,R,Billings,MT,59101,USA,2026-03-27,730.99,2026-05-08,740.33
7288.0,Baker,Donald,V,Miami,FL,33130,USA,2026-01-16,1136.2,2026-06-18,1133.25
6885.0,Baker,Elizabeth,D,Birmingham,AL,35203,USA,2026-05-30,1785.66,2026-06-03,1794.23
9502.0,Wright,Barbara,Q,Atlanta,GA,30303,USA,2026-06-16,2160.84,2026-06-18,2161.25
6841.0,Martin,James,F,Philadelphia,PA,19103,USA,2026-04-10,1893.98,2026-05-08,1900.87
7382.0,Anderson,Karen,R,Hartford,CT,6103,USA,2026-04-01,1628.18,2026-05-05,1635.73
6085.0,Thompson,Paul,N,Detroit,MI,48226,USA,2026-04-14,1770.91,2026-05-24,1780.32
9400.0,Anderson,James,E,Nashville,TN,37203,USA,2026-04-11,566.89,2026-06-10,575.80
9023.0,Hall,Susan,T,Louisville,KY,40202,USA,2026-01-07,1810.31,2026-06-01,1806.98
7171.0,Jackson,Susan,B,Albuquerque,NM,87102,USA,2026-05-10,741.94,2026-06-13,741.80
7734.0,Torres,Sandra,J,New Orleans,LA,70112,USA,2026-04-07,2339.75,2026-05-13,2337.07
9680.0,Lewis,Donna,H,Manchester,NH,3101,USA,2026-01-31,445.48,2026-02-19,455.48
7754.0,Roberts,Jessica,N,Seattle,WA,98101,USA,2026-03-25,2032.28,2026-04-14,2040.04
8366.0,Hill,Margaret,W,Des Moines,IA,50309,USA,2026-04-24,2185.8,2026-05-18,2190.46
6635.0,Roberts,Michelle,R,Portland,OR,97205,USA,2026-01-25,492.91,2026-04-30,493.75
9887.0,Campbell,Matthew,V,Billings,MT,59101,USA,2026-01-06,2412.14,2026-04-28,2407.67
6012.0,Walker,James,L,Baltimore,MD,21201,USA,2026-05-19,884.78,2026-06-03,886.34
6948.0,White,Richard,I,Billings,MT,59101,USA,2026-04-05,108.03,2026-05-15,105.23
8284.0,Turner,Mary,W,Columbus,OH,43215,USA,2026-04-11,1298.67,2026-04-17,1298.91
7699.0,Garcia,Mark,G,Richmond,VA,23219,USA,2026-06-04,1747.95,2026-06-18,1745.17
6422.0,Scott,William,G,Boise,ID,83702,USA,2026-01-20,2423.87,2026-03-01,2423.94
6668.0,Campbell,Donna,B,Atlanta,GA,30303,USA,2026-04-27,1394.63,2026-05-06,1398.98
9115.0,Wright,Donna,Q,Honolulu,HI,96813,USA,2026-01-12,439.72,2026-02-12,447.58
9300.0,Hill,Ashley,H,Dallas,TX,75201,USA,2026-03-26,1606.95,2026-06-17,1610.01
6146.0,Robinson,Patricia,F,Phoenix,AZ,85004,USA,2026-03-27,2479.35,2026-04-20,2488.06
9421.0,Jackson,Michael,J,Denver,CO,80202,USA,2026-02-20,2088.61,2026-06-17,2089.73
7782.0,Adams,Betty,R,Indianapolis,IN,46204,USA,2026-03-07,1634.52,2026-03-18,1640.26
6217.0,Mitchell,Richard,C,Hartford,CT,6103,USA,2026-02-06,1273.89,2026-04-15,1272.32
7723.0,Phillips,Nancy,O,Boise,ID,83702,USA,2026-06-09,658.91,2026-06-18,656.40
9954.0,Roberts,Patricia,W,Des Moines,IA,50309,USA,2026-06-14,1176.1,2026-06-17,1185.89
8218.0,Campbell,Susan,K,Phoenix,AZ,85004,USA,2026-04-19,1560.48,2026-04-27,1557.98
9697.0,Scott,James,O,Portland,OR,97205,USA,2026-04-18,2400.44,2026-06-11,2403.46
7877.0,Perez,Jessica,Z,Overland Park,KS,66204,USA,2026-01-03,2075.21,2026-04-08,2078.64
6251.0,Roberts,Donna,U,Richmond,VA,23219,USA,2026-03-11,72.17,2026-04-04,72.96
8244.0,Roberts,Joseph,E,Baltimore,MD,21201,USA,2026-01-27,2083.22,2026-05-14,2082.62
9087.0,King,Michelle,V,Birmingham,AL,35203,USA,2026-03-12,108.74,2026-05-26,105.43
7380.0,Campbell,Elizabeth,X,Little Rock,AR,72201,USA,2026-06-06,98.81,2026-06-16,105.45
8177.0,Rodriguez,Thomas,X,Hartford,CT,6103,USA,2026-01-24,1919.85,2026-05-28,1922.21
6990.0,Robinson,Michelle,B,Sioux Falls,SD,57104,USA,2026-06-13,1754.47,2026-06-17,1751.29
8130.0,Perez,Steven,F,Minneapolis,MN,55401,USA,2026-06-08,2003.0,2026-06-16,2002.68
6564.0,Thompson,Ashley,O,Charleston,WV,25301,USA,2026-06-10,1509.23,2026-06-15,1517.94
9607.0,Nelson,Mark,D,Los Angeles,CA,90012,USA,2026-05-31,773.49,2026-06-15,775.88
8020.0,Nguyen,Matthew,R,Boston,MA,2108,USA,2026-01-13,2303.84,2026-03-25,2312.45
8737.0,Wright,Barbara,P,Omaha,NE,68102,USA,2026-03-07,2077.89,2026-03-31,2078.44
8419.0,Nguyen,Michael,Y,New York,NY,10001,USA,2026-05-28,934.2,2026-06-11,929.84
6221.0,Torres,James,Z,Burlington,VT,5401,USA,2026-05-04,751.72,2026-06-10,746.78
9021.0,Turner,Betty,G,Detroit,MI,48226,USA,2026-04-14,452.15,2026-04-19,450.82
6254.0,Thompson,Thomas,F,Detroit,MI,48226,USA,2026-04-30,20.07,2026-06-07,17.44
6552.0,Phillips,Joshua,Z,Birmingham,AL,35203,USA,2026-04-05,1035.45,2026-05-14,1038.54
7845.0,Campbell,Jessica,B,Charlotte,NC,28202,USA,2026-05-15,2327.53,2026-05-28,2333.16
9405.0,Thomas,Mary,I,Indianapolis,IN,46204,USA,2026-06-01,245.03,2026-06-12,245.97
9508.0,Wright,Donna,K,Chicago,IL,60601,USA,2026-01-03,1217.01,2026-05-28,1216.29
7009.0,Adams,Anthony,T,Columbus,OH,43215,USA,2026-01-05,285.75,2026-04-27,287.51
6341.0,Anderson,Anthony,D,Atlanta,GA,30303,USA,2026-06-05,513.22,2026-06-15,521.22
9288.0,Martin,Emily,V,Manchester,NH,3101,USA,2026-06-15,1640.33,2026-06-18,1636.58
9271.0,Green,Sandra,D,New Orleans,LA,70112,USA,2026-04-11,930.19,2026-04-25,934.43
7328.0,Adams,Thomas,N,Chicago,IL,60601,USA,2026-05-23,1150.84,2026-06-05,1146.14
6789.0,Brown,Sandra,U,Phoenix,AZ,85004,USA,2026-05-24,1282.66,2026-05-28,1282.05
8007.0,Harris,Charles,S,Birmingham,AL,35203,USA,2026-06-12,1749.46,2026-06-17,1747.03
8742.0,Harris,Richard,Y,New Orleans,LA,70112,USA,2026-04-25,1106.26,2026-05-18,1105.14
8820.0,Wright,Donna,I,Cheyenne,WY,82001,USA,2026-02-22,1538.37,2026-03-07,1544.56
9077.0,Garcia,Richard,I,Oklahoma City,OK,73102,USA,2026-06-09,2046.51,2026-06-17,2049.78
6389.0,Hill,Paul,D,Hartford,CT,6103,USA,2026-06-13,1443.21,2026-06-15,1438.82
8784.0,Allen,Ashley,J,Fargo,ND,58102,USA,2026-06-13,1752.36,2026-06-18,1755.40
7049.0,Carter,Paul,Z,New York,NY,10001,USA,2026-03-17,2457.31,2026-04-23,2456.35
7814.0,Hall,Daniel,Q,Milwaukee,WI,53202,USA,2026-02-22,1058.48,2026-06-13,1068.27
8105.0,Jackson,Emily,K,Omaha,NE,68102,USA,2026-06-15,39.64,2026-06-17,47.43
6129.0,Garcia,Karen,A,Portland,OR,97205,USA,2026-01-07,27.96,2026-05-13,26.20
6321.0,Carter,Margaret,H,Richmond,VA,23219,USA,2026-05-23,2394.14,2026-06-09,2397.01
7492.0,Hill,Donald,D,Chicago,IL,60601,USA,2026-02-14,1325.72,2026-03-08,1328.03
9575.0,Nguyen,Sandra,B,Chicago,IL,60601,USA,2026-02-07,2079.7,2026-04-02,2079.19
7535.0,Thomas,Thomas,O,Chicago,IL,60601,USA,2026-04-30,1502.74,2026-06-03,1510.81
7144.0,Taylor,Jessica,Y,Seattle,WA,98101,USA,2026-04-23,1769.04,2026-06-06,1778.43
8204.0,Perez,Richard,B,Las Vegas,NV,89101,USA,2026-02-16,2400.71,2026-05-21,2396.40
9565.0,Phillips,Kimberly,Y,Des Moines,IA,50309,USA,2026-01-18,2497.72,2026-03-03,2493.42
9793.0,King,Paul,G,Los Angeles,CA,90012,USA,2026-05-14,1696.85,2026-06-06,1696.46
6673.0,Smith,James,F,Chicago,IL,60601,USA,2026-04-23,1688.0,2026-04-29,1689.89
8998.0,Mitchell,Michelle,G,Detroit,MI,48226,USA,2026-06-12,241.68,2026-06-18,245.40
6641.0,Carter,James,D,Anchorage,AK,99501,USA,2026-03-01,2373.59,2026-05-24,2375.76
7133.0,Hill,Elizabeth,Y,Phoenix,AZ,85004,USA,2026-03-23,558.93,2026-06-10,565.72
6385.0,Allen,Sarah,A,Charleston,WV,25301,USA,2026-05-13,2257.64,2026-06-06,2267.48
8198.0,Martinez,Paul,U,Boise,ID,83702,USA,2026-05-17,65.37,2026-05-25,68.84
7858.0,King,William,L,Richmond,VA,23219,USA,2026-06-08,1313.35,2026-06-10,1319.88
9083.0,Carter,Betty,U,Columbia,SC,29201,USA,2026-05-23,1236.59,2026-06-17,1233.12
6959.0,Roberts,Charles,V,Los Angeles,CA,90012,USA,2026-03-14,1695.84,2026-03-16,1704.53
6814.0,Torres,John,H,Providence,RI,2903,USA,2026-06-02,1995.28,2026-06-04,2002.42
7523.0,Phillips,Matthew,V,New Orleans,LA,70112,USA,2026-02-15,2181.84,2026-04-18,2178.22
9811.0,Thomas,Kimberly,Y,Phoenix,AZ,85004,USA,2026-03-20,915.58,2026-04-01,917.26
6350.0,Lewis,Betty,Z,Albuquerque,NM,87102,USA,2026-02-27,713.0,2026-05-23,715.63
7841.0,Garcia,Emily,M,Phoenix,AZ,85004,USA,2026-01-26,994.93,2026-04-17,991.17
9657.0,Roberts,Karen,V,Albuquerque,NM,87102,USA,2026-04-20,1153.94,2026-04-26,1151.73
7955.0,Roberts,Ashley,L,Seattle,WA,98101,USA,2026-03-28,1220.01,2026-06-10,1215.27
6827.0,Nelson,Susan,A,Oklahoma City,OK,73102,USA,2026-04-15,1962.08,2026-06-13,1971.46
8633.0,Carter,Joshua,X,Wilmington,DE,19801,USA,2026-05-31,398.74,2026-06-11,399.20
9435.0,Martin,Susan,V,Oklahoma City,OK,73102,USA,2026-01-02,547.82,2026-01-13,556.44
6558.0,Young,Susan,J,Des Moines,IA,50309,USA,2026-05-24,1258.8,2026-06-15,1258.89
9564.0,Mitchell,Elizabeth,M,Louisville,KY,40202,USA,2026-06-12,2102.48,2026-06-15,2098.14
8114.0,Jackson,Jennifer,H,Boston,MA,2108,USA,2026-06-14,545.78,2026-06-17,552.78
9965.0,Green,Steven,C,Billings,MT,59101,USA,2026-01-25,769.72,2026-04-03,776.99
6154.0,Mitchell,Ashley,J,Albuquerque,NM,87102,USA,2026-04-18,1486.46,2026-04-21,1493.47
8556.0,Nelson,Elizabeth,Z,Albuquerque,NM,87102,USA,2026-01-26,195.99,2026-04-02,201.23
8533.0,Turner,Jessica,U,Honolulu,HI,96813,USA,2026-05-13,1592.39,2026-05-31,1592.70
8472.0,Nelson,James,D,Kansas City,MO,64106,USA,2026-01-02,864.75,2026-05-06,873.14
6304.0,Martin,Anthony,M,Little Rock,AR,72201,USA,2026-01-07,2454.87,2026-05-26,2461.99
8877.0,Robinson,Kimberly,J,Philadelphia,PA,19103,USA,2026-01-14,731.25,2026-06-09,740.29
9686.0,Hall,Thomas,I,Atlanta,GA,30303,USA,2026-03-17,1314.07,2026-06-09,1316.01
8222.0,Carter,Ashley,R,Fargo,ND,58102,USA,2026-03-10,2225.84,2026-06-03,2229.30
8171.0,Parker,Kimberly,W,Philadelphia,PA,19103,USA,2026-02-05,2267.96,2026-03-09,2263.88
6605.0,Rodriguez,Sandra,S,Columbus,OH,43215,USA,2026-04-21,1597.58,2026-05-01,1600.62
8530.0,Carter,Joseph,B,Portland,ME,4101,USA,2026-04-04,1176.93,2026-04-26,1175.32
8489.0,Wright,Paul,Y,Providence,RI,2903,USA,2026-02-28,1920.33,2026-04-25,1928.68
8539.0,Perez,Ashley,I,Portland,OR,97205,USA,2026-05-11,1477.99,2026-05-20,1481.65
8479.0,Mitchell,Matthew,X,Burlington,VT,5401,USA,2026-01-04,271.23,2026-05-29,267.00
7953.0,Smith,John,A,Boise,ID,83702,USA,2026-04-07,1267.91,2026-04-26,1274.31
8995.0,Baker,Patricia,V,Atlanta,GA,30303,USA,2026-05-14,2252.55,2026-05-18,2247.85
9994.0,White,Matthew,H,Atlanta,GA,30303,USA,2026-04-05,578.75,2026-05-18,575.65
7291.0,Hall,Paul,Q,Albuquerque,NM,87102,USA,2026-03-16,1708.66,2026-04-04,1706.03
8447.0,Clark,Joseph,R,Kansas City,MO,64106,USA,2026-01-22,2130.78,2026-01-27,2128.66
9396.0,King,Paul,K,Salt Lake City,UT,84101,USA,2026-06-05,2011.83,2026-06-16,2014.54
8381.0,Taylor,Donald,E,Birmingham,AL,35203,USA,2026-06-11,841.3,2026-06-18,843.49
7604.0,Martinez,Betty,J,Little Rock,AR,72201,USA,2026-02-17,1512.81,2026-03-11,1517.88
9718.0,Thomas,Robert,B,Omaha,NE,68102,USA,2026-02-26,889.88,2026-04-19,895.29
6694.0,Robinson,Lisa,V,Columbus,OH,43215,USA,2026-01-11,2108.88,2026-04-10,2104.42
6824.0,Thompson,Lisa,S,New Orleans,LA,70112,USA,2026-03-31,1945.15,2026-04-27,1948.43
6315.0,Roberts,Daniel,F,Phoenix,AZ,85004,USA,2026-05-21,383.35,2026-05-29,386.44
6702.0,Taylor,Donna,M,Sioux Falls,SD,57104,USA,2026-06-07,1250.2,2026-06-16,1248.46
7574.0,White,Joshua,H,Los Angeles,CA,90012,USA,2026-04-09,1070.01,2026-05-05,1069.43
6539.0,Roberts,Kimberly,P,Minneapolis,MN,55401,USA,2026-02-04,2360.19,2026-03-18,2369.46
8153.0,Harris,Daniel,U,Miami,FL,33130,USA,2026-04-30,1497.75,2026-06-18,1496.98
6547.0,Johnson,Charles,W,Little Rock,AR,72201,USA,2026-03-12,1567.3,2026-04-08,1570.81
8266.0,Baker,Mary,B,Indianapolis,IN,46204,USA,2026-01-11,1135.7,2026-05-14,1143.53
6502.0,Wright,Elizabeth,J,Cheyenne,WY,82001,USA,2026-04-05,1145.53,2026-05-19,1154.84
8861.0,Nguyen,Nancy,Q,Nashville,TN,37203,USA,2026-02-19,451.24,2026-03-15,451.00
9155.0,Thomas,Linda,T,Overland Park,KS,66204,USA,2026-04-01,1631.19,2026-06-06,1631.60
6732.0,Turner,Matthew,L,Newark,NJ,7102,USA,2026-05-16,1233.51,2026-06-05,1232.91
8183.0,Walker,Linda,Q,Salt Lake City,UT,84101,USA,2026-02-12,897.51,2026-06-13,896.82
8377.0,Young,Donna,B,Burlington,VT,5401,USA,2026-05-06,2120.44,2026-06-05,2119.87
7993.0,Adams,Mark,M,Denver,CO,80202,USA,2026-02-04,861.16,2026-04-26,857.60
9888.0,Hill,Mark,N,Portland,ME,4101,USA,2026-04-10,1694.29,2026-04-17,1696.31
7061.0,Lewis,Ashley,I,Seattle,WA,98101,USA,2026-03-16,1849.5,2026-04-06,1846.45
8136.0,Johnson,Barbara,P,Salt Lake City,UT,84101,USA,2026-04-28,1431.23,2026-05-29,1439.60
7629.0,Roberts,Betty,M,Newark,NJ,7102,USA,2026-02-28,1349.12,2026-04-09,1358.75
8980.0,Perez,Barbara,A,Los Angeles,CA,90012,USA,2026-03-15,562.14,2026-03-30,571.61
7034.0,Green,Andrew,F,Billings,MT,59101,USA,2026-03-14,40.71,2026-05-21,36.49
7020.0,Brown,Nancy,Q,Fargo,ND,58102,USA,2026-03-21,857.0,2026-05-09,856.06
7675.0,Harris,Barbara,N,Detroit,MI,48226,USA,2026-05-02,1390.97,2026-06-17,1387.76
6718.0,Clark,Joshua,H,Newark,NJ,7102,USA,2026-06-04,663.46,2026-06-16,671.86
6425.0,Torres,Robert,W,Charleston,WV,25301,USA,2026-05-26,443.59,2026-06-14,450.47
9923.0,Allen,Steven,V,New Orleans,LA,70112,USA,2026-04-27,182.07,2026-06-05,183.90
7086.0,Thompson,Barbara,I,Phoenix,AZ,85004,USA,2026-06-01,1080.61,2026-06-09,1090.35
9916.0,Martinez,Joseph,Y,Anchorage,AK,99501,USA,2026-05-12,1888.27,2026-06-12,1895.38
6383.0,Harris,Nancy,Q,Miami,FL,33130,USA,2026-04-23,1868.09,2026-05-29,1874.58
7164.0,Garcia,Linda,F,Oklahoma City,OK,73102,USA,2026-06-06,161.13,2026-06-18,166.97
8411.0,Perez,Linda,Z,Miami,FL,33130,USA,2026-03-19,441.81,2026-03-21,438.37
7072.0,Green,Michael,D,Boston,MA,2108,USA,2026-05-01,170.38,2026-05-29,171.32
6181.0,Lewis,Joshua,J,Charleston,WV,25301,USA,2026-03-30,998.75,2026-05-30,993.87
9735.0,Parker,Emily,R,Boston,MA,2108,USA,2026-05-08,1123.59,2026-05-24,1122.04
6870.0,Anderson,Matthew,E,Overland Park,KS,66204,USA,2026-04-06,207.59,2026-04-27,216.35
8466.0,White,Betty,D,Charleston,WV,25301,USA,2026-03-02,2362.83,2026-04-23,2364.77
8509.0,Parker,Sarah,K,Omaha,NE,68102,USA,2026-02-03,1665.54,2026-03-22,1668.18
8712.0,Brown,Betty,U,Albuquerque,NM,87102,USA,2026-01-26,1912.53,2026-06-15,1910.92
8464.0,Jackson,Jennifer,I,New Orleans,LA,70112,USA,2026-05-09,2458.79,2026-06-03,2461.20
6783.0,White,Jennifer,G,Philadelphia,PA,19103,USA,2026-02-07,1934.11,2026-02-24,1934.61
7113.0,Young,Betty,Y,Louisville,KY,40202,USA,2026-02-10,904.08,2026-03-19,908.53
6278.0,Roberts,Elizabeth,F,Burlington,VT,5401,USA,2026-01-18,1708.56,2026-05-10,1710.77
6159.0,Perez,Jennifer,Y,Detroit,MI,48226,USA,2026-03-04,2259.87,2026-04-06,2262.18
7970.0,Turner,Emily,B,Kansas City,MO,64106,USA,2026-02-27,1996.35,2026-03-13,1998.23
7771.0,Adams,Jennifer,K,Philadelphia,PA,19103,USA,2026-02-02,1013.61,2026-05-20,1021.38
9288.0,Harris,Michelle,J,Boise,ID,83702,USA,2026-02-27,2397.45,2026-05-29,2401.39
7221.0,Jackson,Christopher,W,Boise,ID,83702,USA,2026-05-15,2056.14,2026-05-29,2063.79
8714.0,Baker,Barbara,H,Milwaukee,WI,53202,USA,2026-02-15,1382.03,2026-05-03,1390.35
6241.0,Rodriguez,Matthew,V,Oklahoma City,OK,73102,USA,2026-05-06,2355.78,2026-05-08,2355.54
8955.0,Lee,Karen,B,Birmingham,AL,35203,USA,2026-05-23,427.47,2026-06-02,427.97
8781.0,Smith,Lisa,I,Boston,MA,2108,USA,2026-06-02,2380.28,2026-06-12,2389.06
6893.0,Brown,Elizabeth,J,Miami,FL,33130,USA,2026-05-25,1361.41,2026-05-31,1368.65
7972.0,Robinson,Susan,U,Indianapolis,IN,46204,USA,2026-06-10,1973.56,2026-06-13,1973.09
9346.0,Allen,Betty,B,Overland Park,KS,66204,USA,2026-06-11,1304.19,2026-06-14,1313.40
8500.0,Thomas,Patricia,W,Jackson,MS,39201,USA,2026-02-27,198.08,2026-06-08,200.89
