Account|LastName|FirstName|MiddleInitial|City|State|ZipCode|Country|Date|BilledAmount|DatePaid|AmtPaid
|Davis|Ellen|T|Atlanta|GA|30306|USA|2026-06-16|20.00|2026-01-24|20.00
9001|Newton|Ronald|M|Atlanta|GA|30301|USA|2025-12-15|20.78|2026-01-10|21.00
6001|Williams|Jean|L|Overland Park|KS|66214|USA|2026-05-15|24.44|2026-06-10|24.44
6001|Williams|Jean|L|Overland Park|KS|66214|USA|2026-06-15|12.22|2026-06-10|12.22
9001|Newton|Ronald|M|Atlanta|GA|30301|USA|2026-03-15|2000.00|2026-04-10|2000
9001|Newton|Ronald|M|Atlanta|GA|30301|USA|2026-04-15|200.78|2026-05-10|201
6001|Williams|Jean|L|Overland Park|KS|66214|USA|2026-04-15|24.44|2026-05-10|24.44
6001|Williams|Jean|L|Overland Park|KS|66214|USA|2026-03-15|12.22|2026-04-10|12.22
6001|Williams|Jean|L|Overland Park|KS|66214|USA|2026-02-15|24.44|2026-03-10|24.44
6001|Williams|Jean|L|Overland Park|KS|66214|USA|2026-01-15|12.22|2026-02-10|12.22
6001|Williams|Jean|L|Overland Park|KS|66214|USA|2026-04-15|24.44|2026-05-10|24.44
6001|Williams|Jean|L|Overland Park|KS|66214|USA|2026-03-15|12.22|2026-04-10|12.22
AFXX|Williams|Jean|L|Overland Park|KS|66214|USA|2026-03-15|12.22|2026-04-10|12.22
9001|Newton|Ronald|M|Atlanta|GA|30301|USA|2026-06-15|xxxx.xx|2026-06-16|xxxx.xx
9001|Newton|Ronald|M|Atlanta|GA|30301|USA|2026-06-15|999999999.000|2026-06-16|xx.xx
9110|Robinson|Matthew|M|Birmingham|AL|35203|USA|2026-06-08|608.15|2026-06-14|612.39
6550|King|Michelle|N|Anchorage|AK|99501|USA|2026-06-15|840.38|2026-06-17|849.78
7058|Hall|Steven|L|Phoenix|AZ|85004|USA|2026-05-15|915.14|2026-06-03|916.61
9974|Hall|Mary|B|Little Rock|AR|72201|USA|2026-02-25|481.15|2026-03-14|489.06
8154|Hall|William|F|Los Angeles|CA|90012|USA|2026-06-02|919.50|2026-06-14|921.00
7581|Hall|Sandra|S|Denver|CO|80202|USA|2026-01-16|2349.14|2026-05-27|2355.63
6861|Lewis|Kimberly|O|Hartford|CT|06103|USA|2026-06-05|194.22|2026-06-13|198.53
9816|Anderson|Mark|S|Wilmington|DE|19801|USA|2026-02-03|689.94|2026-04-04|696.01
6995|King|James|H|Miami|FL|33130|USA|2026-03-22|1232.94|2026-05-12|1228.26
8477|Baker|Paul|W|Atlanta|GA|30303|USA|2026-06-04|986.65|2026-06-17|985.02
6245|Thompson|Michelle|D|Honolulu|HI|96813|USA|2026-04-07|822.00|2026-05-03|824.34
8630|Brown|Donna|N|Boise|ID|83702|USA|2026-03-12|1024.38|2026-05-13|1022.18
7153|Brown|Robert|S|Chicago|IL|60601|USA|2026-06-09|561.31|2026-06-18|557.11
9767|Young|Michelle|H|Indianapolis|IN|46204|USA|2026-03-12|1710.73|2026-06-17|1720.07
7421|Harris|Robert|H|Des Moines|IA|50309|USA|2026-06-12|1175.88|2026-06-16|1184.11
8124|Hall|Emily|M|Overland Park|KS|66204|USA|2026-05-05|2139.66|2026-06-08|2135.72
9960|Walker|Donald|A|Louisville|KY|40202|USA|2026-03-26|177.97|2026-04-09|186.44
9289|King|Paul|T|New Orleans|LA|70112|USA|2026-06-04|67.72|2026-06-15|66.74
7955|King|Patricia|Q|Portland|ME|04101|USA|2026-06-13|2479.85|2026-06-18|2479.63
6148|Carter|Thomas|H|Baltimore|MD|21201|USA|2026-03-20|705.17|2026-05-01|710.40
7186|Phillips|Sandra|C|Boston|MA|02108|USA|2026-06-16|338.88|2026-06-18|347.64
9348|Roberts|Donald|J|Detroit|MI|48226|USA|2026-04-13|2197.26|2026-05-06|2196.12
9877|Young|Jennifer|F|Minneapolis|MN|55401|USA|2026-05-31|1838.14|2026-06-14|1838.38
9722|Torres|Emily|B|Jackson|MS|39201|USA|2026-02-01|2316.78|2026-03-16|2320.15
6978|Adams|Jennifer|N|Kansas City|MO|64106|USA|2026-06-06|2003.90|2026-06-15|2008.14
8872|Allen|Nancy|E|Billings|MT|59101|USA|2026-04-29|1348.97|2026-06-04|1351.18
8552|Smith|Barbara|U|Omaha|NE|68102|USA|2026-04-30|1818.89|2026-05-12|1828.64
9112|Martin|Patricia|G|Las Vegas|NV|89101|USA|2026-04-13|2250.06|2026-04-30|2251.73
7484|Perez|Elizabeth|M|Manchester|NH|03101|USA|2026-04-04|1059.36|2026-05-07|1061.23
7058|Adams|Mary|Z|Newark|NJ|07102|USA|2026-04-18|1326.88|2026-05-25|1331.88
8343|Baker|Jessica|Y|Albuquerque|NM|87102|USA|2026-01-07|2098.62|2026-01-13|2102.14
7939|King|Joshua|F|New York|NY|10001|USA|2026-01-20|585.23|2026-05-31|590.90
8729|Smith|Andrew|W|Charlotte|NC|28202|USA|2026-04-01|2251.08|2026-04-09|2249.56
6372|Rodriguez|Michael|M|Fargo|ND|58102|USA|2026-06-09|171.87|2026-06-17|180.52
8080|Robinson|Kimberly|S|Columbus|OH|43215|USA|2026-03-12|2411.88|2026-04-27|2413.08
8176|Thomas|Barbara|R|Oklahoma City|OK|73102|USA|2026-05-21|176.51|2026-06-13|173.71
8459|Nelson|John|D|Portland|OR|97205|USA|2026-02-20|2430.26|2026-06-16|2427.65
9718|Nguyen|Anthony|A|Philadelphia|PA|19103|USA|2026-06-10|1071.96|2026-06-14|1068.20
8124|Nguyen|Joseph|U|Providence|RI|02903|USA|2026-01-09|2010.10|2026-02-22|2007.29
6864|King|Susan|R|Columbia|SC|29201|USA|2026-05-22|918.52|2026-06-18|913.57
9326|Garcia|Jennifer|G|Sioux Falls|SD|57104|USA|2026-06-15|1316.86|2026-06-17|1319.34
7885|Hill|Joshua|S|Nashville|TN|37203|USA|2026-06-05|258.86|2026-06-18|265.44
8103|Mitchell|Mark|E|Dallas|TX|75201|USA|2026-04-20|1733.67|2026-05-18|1736.56
7730|Nelson|Michael|F|Salt Lake City|UT|84101|USA|2026-01-15|1897.56|2026-05-24|1893.50
6725|Parker|Emily|M|Burlington|VT|05401|USA|2026-05-21|952.84|2026-06-16|962.49
7566|Garcia|James|D|Richmond|VA|23219|USA|2026-01-25|337.74|2026-02-15|343.25
8467|White|Nancy|E|Seattle|WA|98101|USA|2026-05-22|1677.93|2026-06-01|1681.60
8177|Perez|Joseph|R|Charleston|WV|25301|USA|2026-04-17|286.45|2026-05-04|284.75
9496|Phillips|Kimberly|A|Milwaukee|WI|53202|USA|2026-06-01|1717.70|2026-06-06|1715.81
9268|Scott|John|W|Cheyenne|WY|82001|USA|2026-04-14|1972.16|2026-04-23|1972.01
8986|Mitchell|Daniel|M|Milwaukee|WI|53202|USA|2026-01-10|1495.11|2026-04-21|1498.93
7673|Brown|Joshua|Y|Birmingham|AL|35203|USA|||2026-02-15|875.82
7996|Hill|James|R|Portland|ME|04101|USA|2026-06-05|1174.32|2026-06-17|1177.24
8792|Thompson|Karen|A|Detroit|MI|48226|USA|2026-02-09|84.30|2026-03-07|81.66
7218|Jackson|Paul|I|Miami|FL|33130|USA|2026-05-22|1084.49|2026-06-18|1094.24
6305|Garcia|Anthony|I|Des Moines|IA|50309|USA|2026-01-13|1993.87|2026-05-28|1990.97
6649|Parker|Donna|L|Omaha|NE|68102|USA|2026-02-06|1022.28|2026-02-19|1032.06
6775|Green|Michelle|U|Las Vegas|NV|89101|USA|||2026-06-06|952.10
8854|Walker|Lisa|D|Detroit|MI|48226|USA|2026-04-02|1664.98|2026-05-02|1667.23
8107|Lewis|Mary|N|Detroit|MI|48226|USA|||2026-04-08|175.13
6351|Turner|Andrew|O|Overland Park|KS|66204|USA|2026-04-29|2415.16|2026-05-21|2417.07
6255|Wright|Thomas|Z|Portland|ME|04101|USA|2026-04-12|682.56|2026-06-07|688.89
8512|Anderson|Mary|L|Charlotte|NC|28202|USA|2026-02-01|2092.26|2026-05-14|2092.44
7251|White|Sarah|M|Des Moines|IA|50309|USA|2026-04-30|1569.02|2026-06-15|1573.57
6692|Young|Nancy|W|Chicago|IL|60601|USA|2026-06-02|768.21|2026-06-11|772.57
9713|Turner|Betty|C|Salt Lake City|UT|84101|USA|2026-05-03|207.46|2026-05-16|214.24
8626|Roberts|Margaret|K|Charlotte|NC|28202|USA|2026-05-09|675.69|2026-06-17|683.42
7566|White|Joseph|A|Wilmington|DE|19801|USA|2026-02-01|2041.03|2026-06-16|2042.53
6513|Young|Thomas|M|Little Rock|AR|72201|USA|2026-04-26|1637.58|2026-05-28|1640.83
8181|Lee|Christopher|X|Las Vegas|NV|89101|USA|2026-01-03|2062.43|2026-06-14|2062.71
7787|Clark|Sarah|W|Boston|MA|02108|USA|||2026-02-13|752.99
6927|Perez|Margaret|L|Fargo|ND|58102|USA|2026-06-04|2167.11|2026-06-18|2167.43
9912|Johnson|Michael|O|Phoenix|AZ|85004|USA|2026-03-29|1422.24|2026-05-28|1427.87
8630|Rodriguez|Jennifer|Q|Manchester|NH|03101|USA|2026-02-02|909.67|2026-06-02|915.96
8569|White|Margaret|I|Indianapolis|IN|46204|USA|2026-01-05|2054.27|2026-05-08|2052.28
6417|Johnson|Andrew|L|Seattle|WA|98101|USA|2026-04-28|1062.71|2026-05-30|1067.70
9565|Jackson|Michelle|F|Chicago|IL|60601|USA|2026-05-03|2426.55|2026-05-14|2424.17
7362|Wright|Christopher|T|Manchester|NH|03101|USA|||2026-01-13|414.78
7999|Scott|Betty|N|Fargo|ND|58102|USA|2026-06-07|619.58|2026-06-15|618.72
8420|Thomas|Elizabeth|K|Louisville|KY|40202|USA|2026-04-12|1523.53|2026-04-14|1522.58
7125|Young|Steven|G|Overland Park|KS|66204|USA|2026-02-03|1153.01|2026-06-18|1152.05
6711|Nelson|Kimberly|U|Columbia|SC|29201|USA|2026-04-02|167.96|2026-05-22|163.44
6194|Turner|Christopher|I|Los Angeles|CA|90012|USA|||2026-01-19|410.53
9438|Jackson|Jessica|O|Louisville|KY|40202|USA|||2026-01-19|463.15
9915|Wright|Paul|J|Kansas City|MO|64106|USA|2026-02-23|607.73|2026-06-09|603.09
9701|Lee|Patricia|V|New Orleans|LA|70112|USA|2026-02-12|833.41|2026-05-30|834.97
9797|Anderson|Paul|A|Kansas City|MO|64106|USA|2026-02-15|2283.29|2026-04-18|2282.68
7051|Thompson|Sarah|T|Fargo|ND|58102|USA|2026-06-04|2072.24|2026-06-12|2076.09
8527|Perez|Kimberly|G|Baltimore|MD|21201|USA|||2026-04-02|360.53
6531|Garcia|Donna|J|New Orleans|LA|70112|USA|2026-03-30|614.52|2026-06-01|620.40
9672|Carter|Nancy|K|Detroit|MI|48226|USA|2026-06-12|2225.00|2026-06-14|2227.08
9014|Thomas|Paul|U|Anchorage|AK|99501|USA|2026-06-04|200.68|2026-06-11|205.54
8200|Young|John|H|Charlotte|NC|28202|USA|||2026-04-29|642.36
6491|Green|Karen|R|Boston|MA|02108|USA|2026-04-23|1265.91|2026-05-22|1274.68
7636|Nelson|Lisa|G|Detroit|MI|48226|USA|2026-01-14|2244.90|2026-02-09|2247.42
8350|Nelson|Sarah|A|Billings|MT|59101|USA|2026-03-15|2352.50|2026-04-01|2347.94
9343|Hall|Matthew|O|Omaha|NE|68102|USA|2026-02-01|966.70|2026-06-12|967.53
7572|Roberts|Michael|D|Boise|ID|83702|USA|2026-02-25|1503.13|2026-03-01|1505.57
6299|Martin|Steven|I|Sioux Falls|SD|57104|USA|2026-05-14|2084.93|2026-05-27|2091.96
8977|Campbell|Joseph|C|Boise|ID|83702|USA|2026-01-01|1308.91|2026-02-09|1304.78
7885|Johnson|Barbara|C|Boise|ID|83702|USA|2026-05-02|598.28|2026-06-10|603.77
8743|Clark|John|G|Sioux Falls|SD|57104|USA|||2026-05-04|729.15
7863|Hall|Michael|J|Charlotte|NC|28202|USA|2026-04-16|2340.32|2026-05-19|2340.58
9451|Brown|Sandra|E|Boston|MA|02108|USA|2026-03-08|878.48|2026-04-17|875.94
8655|Thomas|Donna|Q|New Orleans|LA|70112|USA|2026-04-27|2296.97|2026-05-28|2292.63
9888|Harris|Emily|C|Miami|FL|33130|USA|2026-05-15|498.84|2026-05-26|501.28
6792|Anderson|Steven|F|Louisville|KY|40202|USA|2026-03-12|1194.39|2026-05-14|1190.89
9238|Nguyen|Margaret|S|Atlanta|GA|30303|USA|2026-01-20|715.40|2026-04-11|724.83
6645|Rodriguez|Elizabeth|W|Hartford|CT|06103|USA|||2026-03-21|1192.57
9525|Parker|David|N|Sioux Falls|SD|57104|USA|2026-03-17|836.12|2026-05-23|843.39
6836|Perez|Lisa|W|Dallas|TX|75201|USA|2026-02-13|1894.11|2026-03-04|1889.55
9875|Walker|Sarah|P|Philadelphia|PA|19103|USA|||2026-04-07|1085.48
8794|White|Donna|K|Boise|ID|83702|USA|||2026-01-17|180.52
7874|Lewis|Joshua|S|Columbia|SC|29201|USA|||2026-06-02|272.00
7844|Mitchell|Charles|B|Providence|RI|02903|USA|2026-03-10|1553.22|2026-04-11|1549.25
9100|Lee|William|T|Philadelphia|PA|19103|USA|2026-02-19|829.63|2026-05-17|828.02
6471|Martin|Karen|Z|Manchester|NH|03101|USA|2026-05-14|1391.22|2026-06-03|1388.58
8563|Lee|Jessica|L|Indianapolis|IN|46204|USA|||2026-04-01|45.54
7315|Brown|Karen|Q|Seattle|WA|98101|USA|2026-03-14|1267.88|2026-06-12|1264.79
8733|Lewis|Thomas|E|Boston|MA|02108|USA|2026-03-03|2305.89|2026-03-28|2304.88
7186|Clark|Mark|T|Las Vegas|NV|89101|USA|||2026-03-01|1037.43
7167|Scott|Betty|F|Denver|CO|80202|USA|2026-05-13|2094.05|2026-05-27|2094.22
7837|Perez|Robert|O|Charleston|WV|25301|USA|2026-05-26|838.12|2026-06-07|846.84
6691|Garcia|Paul|C|Newark|NJ|07102|USA|2026-06-16|2373.50|2026-06-18|2371.61
8545|Lewis|Thomas|C|Honolulu|HI|96813|USA|||2026-05-12|497.11
7357|Perez|Donald|A|Phoenix|AZ|85004|USA|||2026-03-01|1015.56
8114|Jackson|Emily|R|Boston|MA|02108|USA|2026-02-17|866.75|2026-05-05|875.26
6522|Allen|Linda|T|Birmingham|AL|35203|USA|||2026-01-02|774.46
7920|Perez|Joshua|N|Louisville|KY|40202|USA|||2026-02-18|831.50
7563|King|Michael|E|Portland|ME|04101|USA|2026-03-01|1697.42|2026-05-04|1707.36
8469|Thomas|Sarah|Q|Charlotte|NC|28202|USA|2026-01-17|406.64|2026-01-24|405.05
9909|Roberts|Ashley|H|Albuquerque|NM|87102|USA|2026-03-13|634.84|2026-05-09|632.24
9479|Martin|Steven|G|Des Moines|IA|50309|USA|||2026-02-18|1019.77
6521|Robinson|Andrew|Q|Kansas City|MO|64106|USA|2026-06-15|941.17|2026-06-18|940.78
8082|Torres|Jennifer|C|Portland|OR|97205|USA|||2026-05-30|326.55
9176|King|Thomas|D|Little Rock|AR|72201|USA|2026-01-12|13.09|2026-01-17|13.54
8550|Hall|Donald|V|Louisville|KY|40202|USA|2026-05-29|173.76|2026-06-18|171.49
6018|White|William|W|Atlanta|GA|30303|USA|2026-04-13|453.80|2026-06-13|450.33
7123|Lewis|Robert|V|Denver|CO|80202|USA|2026-03-20|1718.70|2026-04-25|1723.15
6247|Rodriguez|Christopher|V|Phoenix|AZ|85004|USA|2026-01-19|1523.05|2026-03-16|1523.29
9693|Taylor|Jessica|Y|Newark|NJ|07102|USA|2026-05-24|1996.32|2026-06-04|1997.16
8119|Carter|Barbara|Z|Omaha|NE|68102|USA|2026-05-28|1094.94|2026-06-04|1098.40
7436|Robinson|Susan|H|Sioux Falls|SD|57104|USA|2026-06-04|1229.63|2026-06-13|1228.57
9270|Parker|Steven|A|Las Vegas|NV|89101|USA|2026-01-09|1983.25|2026-01-16|1985.77
7538|Martinez|Donna|G|Cheyenne|WY|82001|USA|||2026-03-03|877.54
8774|Anderson|Anthony|F|Boise|ID|83702|USA|||2026-03-15|588.23
8115|White|Charles|M|New Orleans|LA|70112|USA|2026-06-08|515.52|2026-06-14|512.49
9677|Mitchell|Lisa|A|Las Vegas|NV|89101|USA|||2026-05-09|736.06
7692|Thomas|Jennifer|A|Portland|OR|97205|USA|2026-06-15|1122.59|2026-06-17|1120.76
9864|Young|Susan|B|Fargo|ND|58102|USA|2026-05-02|480.63|2026-05-19|484.45
9144|Campbell|Joshua|M|Fargo|ND|58102|USA|||2026-04-03|342.26
7512|Scott|Sandra|S|Hartford|CT|06103|USA|2026-06-16|2121.14|2026-06-18|2123.91
6815|Taylor|Joseph|Z|Jackson|MS|39201|USA|2026-03-10|2321.89|2026-06-12|2330.18
7375|Wright|Lisa|P|Atlanta|GA|30303|USA|2026-02-07|1552.57|2026-06-02|1553.93
9367|Young|Sarah|E|Boston|MA|02108|USA|2026-02-03|832.95|2026-06-04|833.70
6345|Scott|Jennifer|A|Louisville|KY|40202|USA|2026-03-28|1365.85|2026-04-11|1371.02
7221|Clark|Linda|L|Nashville|TN|37203|USA|2026-01-06|358.07|2026-03-29|359.64
7671|Phillips|Robert|O|Sioux Falls|SD|57104|USA|2026-05-04|2319.29|2026-05-27|2328.66
6879|Smith|Lisa|K|Minneapolis|MN|55401|USA|2026-04-25|208.34|2026-05-01|205.63
7870|Lee|Robert|M|Burlington|VT|05401|USA|2026-01-11|945.25|2026-04-15|942.94
9169|Green|James|A|Fargo|ND|58102|USA|||2026-01-12|720.41
9815|Martin|Jessica|F|Hartford|CT|06103|USA|2026-01-10|15.44|2026-05-09|24.37
8436|Martinez|Mark|Z|Des Moines|IA|50309|USA|2026-02-22|691.55|2026-04-30|700.24
6648|Jackson|Lisa|R|Honolulu|HI|96813|USA|2026-02-14|921.96|2026-04-01|928.02
6551|Scott|James|T|Manchester|NH|03101|USA|||2026-04-14|92.10
8853|King|Jessica|L|Philadelphia|PA|19103|USA|2026-06-16|980.70|2026-06-18|980.19
8445|Scott|Kimberly|N|Little Rock|AR|72201|USA|||2026-03-31|
8786|Green|William|G|Minneapolis|MN|55401|USA|2026-04-07|2448.49|2026-04-26|2456.77
9118|Wright|Barbara|N|Los Angeles|CA|90012|USA|2026-01-12|2235.09|2026-02-13|2240.02
6997|Harris|Steven|L|Nashville|TN|37203|USA|2026-06-09|1100.15|2026-06-11|1107.12
7140|Adams|Jennifer|V|Fargo|ND|58102|USA|2026-01-26|377.73|2026-04-26|378.31
8533|Thomas|Matthew|K|Las Vegas|NV|89101|USA|||2026-05-15|187.04
8076|Martinez|Mary|V|Salt Lake City|UT|84101|USA|2026-03-19|2408.60|2026-05-16|2414.91
8056|Allen|Thomas|L|Burlington|VT|05401|USA|2026-01-01|2021.87|2026-06-13|2019.20
9149|Taylor|Joseph|U|Indianapolis|IN|46204|USA|||2026-06-08|926.17
7210|Green|Donald|G|Miami|FL|33130|USA|2026-01-05|1592.05|2026-05-20|1600.23
7013|Jackson|Richard|Y|Fargo|ND|58102|USA|||2026-05-23|745.82
7530|Wright|Anthony|X|Little Rock|AR|72201|USA|2026-03-23|835.37|2026-05-06|830.97
6559|Nelson|Richard|E|Wilmington|DE|19801|USA|||2026-01-17|465.11
6741|Hill|Donna|R|Baltimore|MD|21201|USA|2026-06-12|1060.19|2026-06-14|1058.02
9535|Thompson|James|B|Chicago|IL|60601|USA|||2026-02-21|
8793|Lee|Steven|J|Des Moines|IA|50309|USA|2026-05-06|630.52|2026-05-16|636.77
6773|Thompson|Sandra|O|Hartford|CT|06103|USA|2026-04-23|2002.44|2026-05-28|1999.79
8846|Hall|Donna|O|Portland|ME|04101|USA|2026-02-07|1991.24|2026-06-08|1995.21
6871|Lee|Anthony|Y|New Orleans|LA|70112|USA|2026-02-20|1460.75|2026-05-24|1458.75
9601|Martin|Jennifer|H|Fargo|ND|58102|USA|||2026-01-26|473.15
6615|Harris|Lisa|R|Chicago|IL|60601|USA|2026-01-22|750.10|2026-04-03|758.31
9076|Carter|Joseph|O|Charlotte|NC|28202|USA|2026-02-03|2408.83|2026-03-19|2409.67
9901|Johnson|Jennifer|V|Hartford|CT|06103|USA|2026-04-10|1978.23|2026-04-27|1975.90
9479|Martin|Michael|I|Billings|MT|59101|USA|2026-02-20|2309.43|2026-04-01|2314.40
6024|Nelson|Betty|D|Salt Lake City|UT|84101|USA|2026-04-16|1664.65|2026-05-06|1664.87
8444|Clark|Daniel|B|Overland Park|KS|66204|USA|2026-02-02|241.93|2026-03-18|242.51
9315|Hill|Karen|W|Sioux Falls|SD|57104|USA|2026-05-03|160.69|2026-05-23|158.39
9709|Young|Ashley|P|Manchester|NH|03101|USA|2026-05-24|1558.56|2026-06-18|1561.43
8341|Garcia|Richard|M|Las Vegas|NV|89101|USA|2026-05-24|1853.56|2026-06-09|1851.92
7366|Torres|Karen|Z|Columbia|SC|29201|USA|||2026-05-20|
6184|Parker|Donna|Q|Overland Park|KS|66204|USA|2026-06-14|1184.17|2026-06-18|1185.06
8772|Scott|Linda|B|Charleston|WV|25301|USA|||2026-06-08|880.56
8335|Johnson|Thomas|W|Seattle|WA|98101|USA|2026-05-29|59.23|2026-06-13|68.65
6453|Phillips|Joseph|A|Indianapolis|IN|46204|USA|||2026-06-08|1170.17
6004|Adams|Sarah|B|Billings|MT|59101|USA|||2026-05-19|99.27
6149|Green|Donald|Q|Albuquerque|NM|87102|USA|2026-04-13|749.21|2026-05-20|758.94
9765|Lewis|Margaret|X|Salt Lake City|UT|84101|USA|2026-01-24|2384.01|2026-02-03|2383.32
8697|Carter|Jennifer|F|Fargo|ND|58102|USA|||2026-02-13|350.79
9048|Garcia|Christopher|Y|Dallas|TX|75201|USA|2026-04-05|808.18|2026-05-07|814.46
8638|Nguyen|Steven|Y|New York|NY|10001|USA|2026-03-16|2043.41|2026-04-14|2045.56
8115|Hall|Sarah|V|Boise|ID|83702|USA|2026-04-18|1989.31|2026-05-20|1995.42
8317|Taylor|Jennifer|I|Providence|RI|02903|USA|2026-04-03|444.21|2026-04-08|448.47
8498|King|Donald|B|Wilmington|DE|19801|USA|||2026-02-03|1049.41
8916|Taylor|Daniel|U|Albuquerque|NM|87102|USA|2026-05-25|654.34|2026-06-12|662.97
9677|Clark|Sarah|E|Milwaukee|WI|53202|USA|2026-05-03|248.88|2026-05-22|253.89
7201|Roberts|Paul|H|Philadelphia|PA|19103|USA|2026-02-18|1850.23|2026-04-08|1849.57
8256|Taylor|Joseph|I|Charleston|WV|25301|USA|2026-01-11|2138.65|2026-06-17|2146.10
6925|Johnson|Anthony|L|Hartford|CT|06103|USA|2026-02-19|1699.50|2026-04-21|1695.36
9862|Wright|Michelle|I|New Orleans|LA|70112|USA|2026-05-16|509.89|2026-05-25|506.43
6153|Mitchell|Matthew|P|Manchester|NH|03101|USA|||2026-01-28|40.76
6863|Parker|Karen|T|Boise|ID|83702|USA|2026-04-01|71.00|2026-06-09|77.95
7425|Martinez|Linda|G|Phoenix|AZ|85004|USA|2026-02-09|1253.40|2026-05-13|1259.33
9484|King|Joseph|M|Richmond|VA|23219|USA|2026-01-28|2473.95|2026-02-24|2477.23
6991|Jackson|Sarah|I|Dallas|TX|75201|USA|||2026-02-08|562.61
7400|Martin|William|O|Overland Park|KS|66204|USA|||2026-05-14|634.97
9995|Adams|Barbara|X|Anchorage|AK|99501|USA|2026-06-03|1693.29|2026-06-17|1700.36
8950|Harris|Charles|X|Newark|NJ|07102|USA|2026-05-12|939.66|2026-05-29|936.26
7682|Thomas|Kimberly|I|Denver|CO|80202|USA|2026-03-13|1718.20|2026-04-05|1714.89
8845|White|Charles|P|Portland|OR|97205|USA|2026-06-09|781.89|2026-06-15|788.08
6344|Mitchell|Margaret|L|Columbia|SC|29201|USA|2026-03-21|1218.08|2026-05-03|1225.24
9773|Taylor|William|T|New York|NY|10001|USA|||2026-01-28|65.00
9214|Walker|Christopher|N|Charleston|WV|25301|USA|||2026-04-02|1011.04
6672|White|Donald|D|Portland|OR|97205|USA|2026-02-27|321.74|2026-03-04|318.25
8216|Harris|Linda|Q|Charlotte|NC|28202|USA|2026-01-22|2059.54|2026-01-31|2055.04
6983|Garcia|Thomas|K|Cheyenne|WY|82001|USA|2026-03-13|894.97|2026-04-24|904.39
7520|Roberts|Linda|B|Charlotte|NC|28202|USA|||2026-02-12|683.28
8261|Phillips|Lisa|T|Oklahoma City|OK|73102|USA|2026-01-28|765.18|2026-02-04|761.24
9675|Clark|Michelle|W|Fargo|ND|58102|USA|2026-04-19|1946.34|2026-06-08|1955.46
9434|Mitchell|Ashley|E|Dallas|TX|75201|USA|||2026-02-28|30.94
9010|Hall|Thomas|G|Detroit|MI|48226|USA|2026-06-10|484.39|2026-06-12|494.00
8144|Garcia|David|K|Sioux Falls|SD|57104|USA|2026-04-14|1359.12|2026-04-20|1367.63
9794|Hill|Charles|P|Oklahoma City|OK|73102|USA|2026-05-23|2249.80|2026-06-08|2259.08
7986|Smith|Joshua|I|Billings|MT|59101|USA|2026-01-29|305.51|2026-02-07|312.10
8118|Thompson|Ashley|M|Minneapolis|MN|55401|USA|2026-05-23|1187.33|2026-05-28|1184.95
6115|Green|Joseph|F|Newark|NJ|07102|USA|2026-03-02|529.06|2026-03-13|533.60
7670|Harris|Karen|C|Minneapolis|MN|55401|USA|2026-04-01|2151.92|2026-05-26|2151.06
8843|Harris|Andrew|R|Phoenix|AZ|85004|USA|2026-01-15|1985.58|2026-05-15|1991.29
9825|Thomas|Sandra|B|Atlanta|GA|30303|USA|2026-03-05|383.06|2026-04-20|380.47
6937|Walker|Mark|K|Salt Lake City|UT|84101|USA|2026-04-09|2215.95|2026-04-26|2222.76
6164|Phillips|Charles|R|Milwaukee|WI|53202|USA|2026-02-28|2287.89|2026-05-13|2294.70
8290|Smith|Robert|Y|Richmond|VA|23219|USA|||2026-01-20|392.03
9775|Clark|Mary|C|New Orleans|LA|70112|USA|2026-06-06|1908.38|2026-06-18|1909.17
8622|Turner|Jennifer|E|Denver|CO|80202|USA|2026-04-02|2409.99|2026-06-07|2407.62
9713|Turner|Linda|E|Richmond|VA|23219|USA|2026-06-10|2312.84|2026-06-18|2309.48
8159|Nguyen|David|A|Overland Park|KS|66204|USA|2026-04-06|2402.03|2026-04-19|2405.53
8989|Smith|Margaret|H|Overland Park|KS|66204|USA|2026-01-02|251.93|2026-06-01|249.93
8303|Lewis|Paul|D|Boston|MA|02108|USA|2026-02-18|145.62|2026-06-06|145.90
7867|Garcia|Susan|S|Atlanta|GA|30303|USA|2026-05-11|835.95|2026-06-12|838.33
7258|Smith|Emily|S|Kansas City|MO|64106|USA|||2026-03-23|660.86
6771|Johnson|Patricia|D|Las Vegas|NV|89101|USA|||2026-02-20|717.64
7596|Lewis|Anthony|W|Miami|FL|33130|USA|2026-05-01|550.48|2026-06-16|551.98
7137|Phillips|Emily|Z|Portland|ME|04101|USA|2026-06-16|2030.27|2026-06-18|2026.51
9925|Brown|Jennifer|L|Portland|ME|04101|USA|2026-05-30|832.11|2026-06-14|836.15
6458|Martinez|John|O|Cheyenne|WY|82001|USA|2026-02-18|823.52|2026-06-10|824.67
6016|Rodriguez|Emily|L|Charleston|WV|25301|USA|2026-01-25|818.47|2026-04-11|821.51
9789|Martinez|Sandra|S|Las Vegas|NV|89101|USA|||2026-04-09|261.45
6312|Robinson|Jennifer|T|Portland|ME|04101|USA|2026-04-05|851.32|2026-05-04|849.66
8759|Adams|Margaret|H|Billings|MT|59101|USA|2026-01-10|1512.51|2026-01-28|1520.34
8801|Thomas|Richard|H|Milwaukee|WI|53202|USA|2026-02-05|653.66|2026-02-25|650.03
9841|Turner|Jessica|Y|Columbia|SC|29201|USA|2026-01-12|2320.08|2026-01-26|2317.40
8300|Hill|Andrew|J|Jackson|MS|39201|USA|2026-02-20|545.13|2026-03-25|554.30
7808|Taylor|Richard|N|Burlington|VT|05401|USA|2026-04-23|2056.93|2026-06-02|2065.21
8669|Campbell|Elizabeth|R|Anchorage|AK|99501|USA|||2026-05-22|1005.98
9015|Baker|Robert|N|Albuquerque|NM|87102|USA|||2026-02-06|419.27
6548|Allen|Donna|U|Boston|MA|02108|USA|2026-03-09|307.71|2026-05-15|312.50
6740|White|Margaret|Y|Des Moines|IA|50309|USA|2026-06-16|1163.77|2026-06-18|1172.65
9584|Carter|Donald|K|Baltimore|MD|21201|USA|2026-01-10|912.23|2026-02-08|907.47
9238|Carter|Daniel|N|Boise|ID|83702|USA|2026-06-15|708.99|2026-06-17|712.65
7634|Rodriguez|Andrew|N|Charlotte|NC|28202|USA|||2026-04-27|859.23
7059|Thompson|Daniel|O|Nashville|TN|37203|USA|2026-02-05|1262.15|2026-04-05|1259.83
9772|Lee|Joshua|L|Newark|NJ|07102|USA|||2026-04-10|94.18
6108|Campbell|Anthony|Y|Oklahoma City|OK|73102|USA|||2026-04-15|197.16
7027|Roberts|Nancy|Q|Wilmington|DE|19801|USA|2026-01-01|1590.97|2026-02-03|1586.63
9357|Carter|Donald|F|Salt Lake City|UT|84101|USA|||2026-02-01|27.81
6777|Martinez|Michael|I|New York|NY|10001|USA|||2026-04-10|830.02
6240|Mitchell|Lisa|F|Baltimore|MD|21201|USA|2026-05-26|876.36|2026-06-15|877.51
8962|Walker|Michael|V|Albuquerque|NM|87102|USA|||2026-05-31|309.67
6616|Phillips|Mary|Y|Charlotte|NC|28202|USA|2026-01-08|2068.08|2026-05-09|2064.45
8931|Scott|Linda|X|Jackson|MS|39201|USA|2026-03-03|1247.34|2026-06-15|1253.34
9453|Mitchell|Joseph|H|Anchorage|AK|99501|USA|2026-05-02|91.89|2026-05-31|98.23
8069|Young|Joseph|L|Burlington|VT|05401|USA|2026-05-04|334.10|2026-05-11|337.47
7540|Torres|Lisa|C|Birmingham|AL|35203|USA|2026-01-13|873.35|2026-06-08|878.91
7956|Martinez|Donald|T|Las Vegas|NV|89101|USA|||2026-01-26|474.03
6793|Carter|Karen|B|Hartford|CT|06103|USA|2026-01-04|1280.30|2026-04-27|1285.94
7235|Clark|Steven|A|Boise|ID|83702|USA|||2026-03-01|370.68
7483|Hall|Joshua|F|Billings|MT|59101|USA|2026-02-07|1846.14|2026-03-26|1846.78
8618|Nelson|Elizabeth|Q|Kansas City|MO|64106|USA|2026-03-16|924.40|2026-05-05|924.78
9183|Campbell|Matthew|A|Cheyenne|WY|82001|USA|||2026-01-05|1126.47
9946|Scott|Donna|Y|Dallas|TX|75201|USA|2026-02-09|378.68|2026-04-15|375.97
9860|Scott|Mark|G|Sioux Falls|SD|57104|USA|2026-05-27|431.71|2026-06-08|431.09
7416|Torres|Steven|A|Overland Park|KS|66204|USA|2026-06-05|1139.43|2026-06-12|1146.15
8328|Green|Christopher|K|Cheyenne|WY|82001|USA|2026-04-04|2084.88|2026-05-12|2085.63
9077|Anderson|Jessica|E|Detroit|MI|48226|USA|||2026-05-23|640.99
9575|Taylor|Linda|O|Louisville|KY|40202|USA|2026-06-01|972.52|2026-06-13|982.51
8095|Rodriguez|John|W|Columbia|SC|29201|USA|2026-06-03|1233.97|2026-06-13|1230.98
9529|Parker|Barbara|B|Miami|FL|33130|USA|2026-06-06|1464.42|2026-06-15|1461.64
9739|Harris|Christopher|L|Des Moines|IA|50309|USA|2026-05-17|2052.47|2026-06-15|2050.74
7434|King|Steven|X|Kansas City|MO|64106|USA|2026-05-26|333.85|2026-06-17|341.90
9008|White|David|H|Las Vegas|NV|89101|USA|||2026-01-02|802.08
9007|White|James|S|Minneapolis|MN|55401|USA|||2026-04-18|290.49
6939|Parker|Mary|A|Sioux Falls|SD|57104|USA|2026-01-17|1404.22|2026-04-05|1404.72
8477|Thompson|Christopher|N|Newark|NJ|07102|USA|2026-05-16|1615.62|2026-05-26|1612.30
9962|Campbell|Jessica|R|Boston|MA|02108|USA|||2026-05-16|447.89
8435|Brown|Susan|G|Phoenix|AZ|85004|USA|||2026-05-26|196.03
9008|Taylor|Barbara|F|Overland Park|KS|66204|USA|2026-01-13|955.85|2026-06-05|961.32
7972|Anderson|Donald|V|Los Angeles|CA|90012|USA|||2026-02-20|465.24
7437|Scott|Barbara|U|Miami|FL|33130|USA|2026-03-14|1866.54|2026-05-31|1863.66
8353|Carter|Donna|S|Charlotte|NC|28202|USA|2026-03-18|1377.88|2026-03-25|1374.58
6641|Martin|Jennifer|C|Columbus|OH|43215|USA|2026-01-02|886.98|2026-02-24|894.15
9738|Young|Charles|D|Wilmington|DE|19801|USA|2026-04-02|2186.14|2026-06-02|2184.90
8983|Rodriguez|Emily|C|Seattle|WA|98101|USA|2026-06-11|1978.83|2026-06-17|1980.15
9407|White|Michelle|Y|Charleston|WV|25301|USA|2026-06-13|162.70|2026-06-15|167.09
6914|King|Michelle|C|Milwaukee|WI|53202|USA|2026-01-29|285.59|2026-03-01|284.13
8169|Allen|Jennifer|G|Little Rock|AR|72201|USA|2026-04-08|1408.62|2026-05-24|1409.92
8275|Clark|Donald|P|Dallas|TX|75201|USA|||2026-04-02|1073.31
8930|Torres|Ashley|T|Salt Lake City|UT|84101|USA|2026-01-25|1848.81|2026-05-27|1844.96
8770|Mitchell|Anthony|X|Honolulu|HI|96813|USA|2026-04-28|1075.91|2026-06-12|1078.46
8294|Nelson|Paul|P|Omaha|NE|68102|USA|2026-03-03|291.40|2026-03-23|291.90
7336|Martinez|Emily|C|Salt Lake City|UT|84101|USA|2026-01-06|571.77|2026-05-15|578.93
9342|Adams|John|X|Nashville|TN|37203|USA|2026-04-30|1957.70|2026-05-02|1956.94
8468|Perez|Sandra|R|Oklahoma City|OK|73102|USA|2026-04-29|285.64|2026-06-10|280.73
6503|Phillips|Anthony|B|Nashville|TN|37203|USA|2026-02-19|538.63|2026-06-06|539.07
7692|Hall|Mark|H|New York|NY|10001|USA|2026-03-16|1098.43|2026-06-04|1105.63
7654|Nelson|David|J|Seattle|WA|98101|USA|||2026-03-03|799.76
6808|White|Linda|O|Philadelphia|PA|19103|USA|||2026-02-16|
6518|Allen|Richard|G|Hartford|CT|06103|USA|2026-05-27|2005.45|2026-06-09|2010.47
7752|Smith|John|B|Newark|NJ|07102|USA|||2026-02-18|387.04
9750|Clark|Elizabeth|F|Columbus|OH|43215|USA|2026-04-20|1317.83|2026-06-13|1313.47
9496|Thomas|Sarah|N|Phoenix|AZ|85004|USA|||2026-06-06|440.39
8605|Taylor|Andrew|G|Portland|ME|04101|USA|2026-02-28|2400.11|2026-05-21|2399.65
6566|Martinez|Karen|D|Baltimore|MD|21201|USA|||2026-05-01|1009.24
6689|Young|Jessica|F|Charleston|WV|25301|USA|2026-05-05|1879.36|2026-06-17|1880.54
9686|Lewis|Lisa|G|Sioux Falls|SD|57104|USA|2026-04-29|2010.09|2026-05-26|2011.41
9187|Wright|Lisa|Z|Columbia|SC|29201|USA|2026-01-19|881.58|2026-04-19|881.01
9016|Harris|Richard|V|Seattle|WA|98101|USA|||2026-01-11|94.45
8080|Garcia|Karen|V|Omaha|NE|68102|USA|2026-04-09|582.75|2026-05-03|579.21
7638|Martin|Sandra|E|Honolulu|HI|96813|USA|||2026-03-31|247.00
8642|Torres|Margaret|O|Hartford|CT|06103|USA|2026-06-07|1692.89|2026-06-09|1700.74
6503|Thompson|Michelle|T|Birmingham|AL|35203|USA|||2026-01-13|255.49
9920|Adams|Mary|Y|Boston|MA|02108|USA|||2026-06-16|336.27
6484|Robinson|Donna|Y|Indianapolis|IN|46204|USA|2026-03-15|2322.39|2026-05-13|2321.59
7477|Lee|Matthew|B|Seattle|WA|98101|USA|||2026-03-02|464.57
8003|Lee|John|R|Anchorage|AK|99501|USA|||2026-06-05|18.97
7816|Rodriguez|Robert|P|Burlington|VT|05401|USA|||2026-05-19|555.11
8781|Anderson|Christopher|Y|Cheyenne|WY|82001|USA|||2026-01-02|266.78
7065|Mitchell|Matthew|K|Louisville|KY|40202|USA|2026-05-17|500.67|2026-06-03|502.20
9098|Walker|Patricia|Z|Jackson|MS|39201|USA|2026-05-09|1909.72|2026-06-17|1907.76
7856|Wright|Charles|W|Las Vegas|NV|89101|USA|||2026-06-03|297.08
8562|Lewis|Susan|M|Portland|OR|97205|USA|2026-01-28|1787.27|2026-03-06|1794.44
6935|Carter|Christopher|B|Chicago|IL|60601|USA|2026-06-11|489.14|2026-06-13|485.89
8497|Adams|Barbara|Z|Richmond|VA|23219|USA|2026-03-20|1191.23|2026-03-27|1199.53
9216|Taylor|Mark|E|Boise|ID|83702|USA|2026-02-24|1828.97|2026-06-02|1834.81
9947|Phillips|Michael|Q|Oklahoma City|OK|73102|USA|2026-02-27|113.21|2026-03-04|114.34
8256|Walker|Betty|V|Charlotte|NC|28202|USA|2026-06-06|1737.20|2026-06-08|1743.69
6328|Thomas|Kimberly|U|Des Moines|IA|50309|USA|2026-05-07|106.57|2026-06-11|116.22
6635|Taylor|Andrew|K|Jackson|MS|39201|USA|2026-05-22|2028.24|2026-06-12|2030.80
8214|Hill|Sarah|F|Nashville|TN|37203|USA|||2026-05-07|
6824|Garcia|Mary|L|Boise|ID|83702|USA|2026-01-21|988.69|2026-03-20|988.56
8898|Roberts|Richard|H|Chicago|IL|60601|USA|2026-03-20|651.75|2026-03-29|661.36
8577|Carter|Robert|W|Overland Park|KS|66204|USA|2026-03-03|142.75|2026-06-02|147.94
9516|Roberts|Jessica|S|Billings|MT|59101|USA|2026-04-28|1705.19|2026-05-21|1706.70
9791|Clark|Kimberly|Y|Nashville|TN|37203|USA|||2026-04-10|301.40
7692|Allen|Kimberly|U|Portland|OR|97205|USA|||2026-05-10|961.12
8884|Smith|Michael|L|Boston|MA|02108|USA|||2026-05-24|327.78
8679|Hall|Michael|K|Honolulu|HI|96813|USA|2026-06-05|302.56|2026-06-18|302.64
8638|Smith|Patricia|S|New Orleans|LA|70112|USA|||2026-02-04|
9431|Hill|Mark|P|Portland|OR|97205|USA|||2026-06-15|911.84
6866|Mitchell|Margaret|H|Omaha|NE|68102|USA|||2026-01-21|837.84
7688|Martinez|Susan|L|Los Angeles|CA|90012|USA|2026-02-05|612.01|2026-02-17|613.45
9180|White|Steven|O|Milwaukee|WI|53202|USA|2026-02-12|2400.26|2026-04-25|2401.39
7338|Allen|Donna|H|Providence|RI|02903|USA|2026-05-20|1866.40|2026-05-27|1870.58
6480|Nelson|Elizabeth|W|Philadelphia|PA|19103|USA|2026-03-24|1911.03|2026-03-27|1917.01
9963|Allen|Paul|Z|Los Angeles|CA|90012|USA|2026-04-03|1257.01|2026-05-20|1256.42
9493|Adams|Michael|L|Los Angeles|CA|90012|USA|2026-02-13|363.55|2026-04-18|372.05
6283|Martinez|Emily|T|Omaha|NE|68102|USA|2026-02-04|985.73|2026-02-08|986.53
6668|Scott|Michael|M|Overland Park|KS|66204|USA|2026-06-14|2017.29|2026-06-18|2015.59
6450|Hill|Barbara|X|Miami|FL|33130|USA|2026-02-20|2299.18|2026-03-22|2308.78
8385|Allen|Andrew|G|Las Vegas|NV|89101|USA|2026-03-06|872.71|2026-06-10|877.71
9393|Thompson|Jessica|N|Chicago|IL|60601|USA|2026-02-13|1302.22|2026-03-19|1310.86
6961|Mitchell|Charles|O|Oklahoma City|OK|73102|USA|2026-04-18|406.02|2026-05-23|411.80
7290|Robinson|Ashley|M|Atlanta|GA|30303|USA|||2026-05-24|590.46
6302|Lee|John|R|Little Rock|AR|72201|USA|2026-06-01|1943.10|2026-06-04|1945.68
8814|Clark|Steven|E|Denver|CO|80202|USA|2026-03-11|1139.54|2026-04-26|1138.37
9975|Campbell|Richard|C|Birmingham|AL|35203|USA|2026-04-15|999.98|2026-06-04|1009.30
6313|Brown|Christopher|X|Detroit|MI|48226|USA|||2026-02-03|87.99
6677|Clark|Margaret|I|Portland|ME|04101|USA|2026-06-12|501.72|2026-06-18|508.67
6643|Campbell|Joseph|Q|Chicago|IL|60601|USA|2026-03-01|1117.05|2026-05-15|1123.56
7642|Wright|William|Q|Providence|RI|02903|USA|2026-06-16|1728.90|2026-06-18|1734.24
6068|Brown|Ashley|D|Los Angeles|CA|90012|USA|2026-01-10|924.04|2026-05-25|923.02
6541|Clark|Donna|W|Des Moines|IA|50309|USA|||2026-01-20|1128.71
7131|Roberts|Thomas|M|Providence|RI|02903|USA|2026-02-24|212.36|2026-06-08|209.38
6369|Green|Barbara|W|Denver|CO|80202|USA|2026-01-22|1548.76|2026-02-27|1550.24
7691|Phillips|Jennifer|Y|Denver|CO|80202|USA|||2026-01-04|263.07
8960|Walker|Michelle|O|Atlanta|GA|30303|USA|2026-04-21|2009.66|2026-06-04|2015.95
7570|Baker|Thomas|J|Boston|MA|02108|USA|2026-01-05|1093.38|2026-01-22|1100.72
8319|Garcia|Sandra|P|Manchester|NH|03101|USA|||2026-02-02|575.05
7193|Mitchell|William|G|Dallas|TX|75201|USA|2026-03-28|1197.41|2026-04-05|1194.30
9157|Perez|Jennifer|X|Overland Park|KS|66204|USA|||2026-05-27|921.18
6363|Rodriguez|Matthew|D|Boise|ID|83702|USA|2026-01-18|2259.74|2026-01-29|2258.68
7750|Turner|Patricia|L|Nashville|TN|37203|USA|2026-03-04|1687.75|2026-05-23|1688.90
8358|Robinson|Barbara|U|Baltimore|MD|21201|USA|2026-05-20|2210.32|2026-06-18|2215.31
7559|Green|Daniel|T|Omaha|NE|68102|USA|2026-02-07|1604.91|2026-04-11|1612.26
7244|Martinez|Karen|I|Louisville|KY|40202|USA|2026-02-04|1223.28|2026-03-06|1218.91
9755|Robinson|William|K|Cheyenne|WY|82001|USA|2026-02-13|1525.00|2026-06-08|1525.48
8257|Carter|Kimberly|M|Miami|FL|33130|USA|||2026-01-08|330.16
7893|Jackson|Susan|Q|Fargo|ND|58102|USA|||2026-03-31|412.20
8209|Nguyen|Lisa|H|Des Moines|IA|50309|USA|||2026-02-06|113.09
7769|Thomas|Donald|L|Charlotte|NC|28202|USA|2026-06-01|1421.54|2026-06-06|1416.66
6022|Nelson|Christopher|P|Miami|FL|33130|USA|||2026-05-29|1139.94
6179|Taylor|Mary|O|Boise|ID|83702|USA|2026-05-23|788.71|2026-06-16|786.86
7227|Martin|Jennifer|Q|Portland|ME|04101|USA|2026-04-01|1600.04|2026-05-03|1598.63
9772|Phillips|Elizabeth|I|Atlanta|GA|30303|USA|||2026-03-08|784.32
8527|White|John|W|Phoenix|AZ|85004|USA|||2026-01-16|191.40
8334|Hall|Patricia|S|Fargo|ND|58102|USA|2026-03-26|1650.82|2026-05-30|1650.18
9134|Torres|Nancy|Q|Minneapolis|MN|55401|USA|2026-05-02|924.64|2026-06-03|931.10
9972|Perez|Daniel|Q|Boise|ID|83702|USA|2026-03-29|291.61|2026-05-10|294.52
8400|Smith|Paul|R|Boston|MA|02108|USA|2026-05-13|1384.88|2026-06-15|1390.17
8681|Johnson|Kimberly|P|Salt Lake City|UT|84101|USA|2026-05-08|859.85|2026-06-09|861.80
9614|Taylor|Paul|Z|Portland|ME|04101|USA|||2026-04-10|356.42
8662|Anderson|Sandra|O|Minneapolis|MN|55401|USA|2026-02-18|1603.07|2026-02-20|1601.40
9260|Hall|Betty|D|Columbus|OH|43215|USA|2026-05-15|1636.29|2026-06-10|1637.43
6045|Parker|Mary|B|Des Moines|IA|50309|USA|2026-06-08|1782.66|2026-06-16|1787.41
9164|Thompson|Nancy|J|Nashville|TN|37203|USA|2026-04-24|2109.50|2026-05-24|2116.83
9922|Wright|Christopher|F|Des Moines|IA|50309|USA|2026-03-09|2107.14|2026-05-08|2115.45
6532|Parker|Michael|E|Baltimore|MD|21201|USA|2026-01-19|2238.54|2026-03-30|2237.53
7675|Taylor|Ashley|G|Indianapolis|IN|46204|USA|||2026-05-04|373.42
6681|Nguyen|Kimberly|X|Milwaukee|WI|53202|USA|||2026-06-18|545.76
9460|Lee|Michael|G|Columbia|SC|29201|USA|2026-06-02|585.33|2026-06-12|586.10
6022|Green|Michelle|U|New York|NY|10001|USA|||2026-01-29|651.81
9141|Nelson|Ashley|B|Salt Lake City|UT|84101|USA|||2026-06-15|472.99
8336|Garcia|Emily|F|Portland|OR|97205|USA|2026-05-08|1837.11|2026-06-15|1833.55
9947|Robinson|Jessica|L|Atlanta|GA|30303|USA|2026-03-26|380.35|2026-05-03|376.39
7160|Turner|Matthew|C|Richmond|VA|23219|USA|2026-02-18|979.97|2026-06-07|984.04
9785|Mitchell|Christopher|H|Miami|FL|33130|USA|2026-03-21|688.60|2026-03-25|698.28
7741|Nelson|Christopher|I|Milwaukee|WI|53202|USA|2026-01-27|1603.13|2026-04-06|1604.10
6854|Taylor|Matthew|C|Phoenix|AZ|85004|USA|||2026-05-16|937.54
7319|Young|Emily|Z|Louisville|KY|40202|USA|2026-04-22|2307.06|2026-06-03|2308.80
9984|White|Linda|Y|Overland Park|KS|66204|USA|2026-06-10|2325.67|2026-06-14|2326.37
8432|Nguyen|Susan|P|New York|NY|10001|USA|2026-01-10|127.51|2026-03-07|136.40
9712|Allen|William|M|Burlington|VT|05401|USA|2026-06-02|1761.63|2026-06-07|1768.17
9668|Green|Sandra|N|Salt Lake City|UT|84101|USA|2026-04-12|2307.57|2026-04-23|2304.13
8777|Lee|Betty|H|Little Rock|AR|72201|USA|2026-05-30|1483.01|2026-06-02|1483.60
7328|Roberts|Ashley|H|Honolulu|HI|96813|USA|2026-02-11|434.15|2026-05-11|437.77
7646|Carter|Paul|Z|Louisville|KY|40202|USA|2026-03-09|1526.32|2026-05-21|1528.75
8219|Phillips|Sandra|A|Omaha|NE|68102|USA|2026-02-05|2335.95|2026-02-12|2344.32
6905|Allen|Patricia|T|Boise|ID|83702|USA|2026-01-17|898.09|2026-03-13|906.80
8015|Taylor|Elizabeth|V|Providence|RI|02903|USA|2026-01-25|904.87|2026-03-23|900.10
6600|King|Robert|U|Detroit|MI|48226|USA|2026-05-24|527.60|2026-06-09|531.86
6862|Hill|James|D|Los Angeles|CA|90012|USA|||2026-04-17|711.85
8774|Nguyen|Sarah|X|Nashville|TN|37203|USA|2026-04-13|1756.24|2026-06-11|1755.77
8875|Garcia|Steven|L|Sioux Falls|SD|57104|USA|||2026-03-08|1032.79
8765|Torres|Susan|G|Manchester|NH|03101|USA|2026-05-25|785.39|2026-06-17|780.62
6989|Garcia|Margaret|H|Las Vegas|NV|89101|USA|2026-03-03|2431.91|2026-03-26|2430.92
9619|Harris|Lisa|N|Phoenix|AZ|85004|USA|2026-06-09|134.66|2026-06-17|134.55
7477|Rodriguez|Andrew|H|Salt Lake City|UT|84101|USA|2026-06-04|267.78|2026-06-13|268.32
9543|Johnson|Joseph|P|Louisville|KY|40202|USA|2026-01-02|43.31|2026-05-07|38.58
9393|Taylor|Kimberly|X|Detroit|MI|48226|USA|||2026-01-31|815.74
7947|White|John|F|Dallas|TX|75201|USA|||2026-04-03|281.66
8859|Martin|Michelle|I|Nashville|TN|37203|USA|||2026-05-14|799.96
9880|Carter|Margaret|F|Charlotte|NC|28202|USA|2026-01-22|1047.58|2026-04-22|1051.82
9667|Brown|Elizabeth|V|Birmingham|AL|35203|USA|||2026-03-11|694.94
8318|Mitchell|Michelle|Y|Chicago|IL|60601|USA|2026-01-17|1556.23|2026-01-21|1565.57
9376|Taylor|David|M|Los Angeles|CA|90012|USA|||2026-06-03|
9343|Taylor|Joseph|F|Minneapolis|MN|55401|USA|2026-03-19|330.41|2026-04-08|333.72
6582|Nguyen|Joseph|Y|Boston|MA|02108|USA|2026-03-30|1653.32|2026-04-17|1659.62
8972|Young|Margaret|G|Boston|MA|02108|USA|||2026-05-26|873.11
7278|Parker|Thomas|K|Hartford|CT|06103|USA|2026-03-24|2377.95|2026-06-05|2375.61
6081|Harris|William|G|Little Rock|AR|72201|USA|||2026-04-04|497.65
8379|King|Steven|H|Columbia|SC|29201|USA|2026-01-07|2083.47|2026-02-23|2083.52
7475|Anderson|Ashley|H|Burlington|VT|05401|USA|2026-03-08|214.70|2026-03-13|214.87
6127|Anderson|John|O|Billings|MT|59101|USA|2026-02-03|976.78|2026-06-16|974.75
7118|White|Donald|P|Boise|ID|83702|USA|2026-05-03|208.08|2026-06-12|210.06
8442|Carter|Michelle|U|Des Moines|IA|50309|USA|2026-02-04|1143.91|2026-02-17|1151.90
6066|Martin|Thomas|Z|New Orleans|LA|70112|USA|2026-02-09|515.98|2026-03-01|520.95
9577|Anderson|Robert|Y|Los Angeles|CA|90012|USA|||2026-01-02|378.73
7406|Scott|Steven|T|Anchorage|AK|99501|USA|2026-01-08|518.50|2026-06-05|527.30
6273|Mitchell|Matthew|U|Billings|MT|59101|USA|||2026-04-11|738.89
7427|Harris|Robert|T|Louisville|KY|40202|USA|2026-04-20|143.96|2026-05-03|146.66
6371|Hall|Emily|T|Burlington|VT|05401|USA|2026-03-30|397.93|2026-04-24|393.27
6749|Perez|Barbara|T|Seattle|WA|98101|USA|2026-06-02|689.85|2026-06-13|696.08
7532|Robinson|Christopher|Q|Newark|NJ|07102|USA|||2026-06-13|836.03
6735|King|Andrew|U|Des Moines|IA|50309|USA|||2026-02-13|7.53
8180|Turner|Emily|X|Las Vegas|NV|89101|USA|2026-06-11|2432.58|2026-06-18|2432.76
9566|Turner|Joseph|J|Los Angeles|CA|90012|USA|2026-03-03|1155.18|2026-06-16|1151.28
8238|Phillips|Paul|I|Louisville|KY|40202|USA|2026-04-22|1138.57|2026-06-12|1139.55
6720|Rodriguez|Christopher|N|Portland|OR|97205|USA|2026-02-24|230.31|2026-04-05|232.34
8439|Nguyen|Donna|I|Philadelphia|PA|19103|USA|2026-06-13|313.51|2026-06-16|308.67
9912|Walker|Matthew|I|Denver|CO|80202|USA|2026-05-21|2438.88|2026-06-06|2436.42
6004|Thomas|Emily|N|Detroit|MI|48226|USA|||2026-05-21|472.40
6993|Anderson|Donna|T|Portland|OR|97205|USA|||2026-05-14|
6714|Johnson|Daniel|K|Las Vegas|NV|89101|USA|2026-04-10|1573.58|2026-04-29|1572.63
8183|Brown|Daniel|X|Sioux Falls|SD|57104|USA|2026-04-24|1095.28|2026-05-01|1098.58
7007|Young|Mary|X|Miami|FL|33130|USA|2026-02-24|883.19|2026-04-23|880.01
6020|Brown|Jennifer|J|Minneapolis|MN|55401|USA|||2026-01-12|
6804|Adams|Richard|T|Seattle|WA|98101|USA|2026-04-24|182.73|2026-05-27|188.25
7051|Johnson|Mary|D|Philadelphia|PA|19103|USA|2026-01-24|160.38|2026-05-03|157.70
9887|Phillips|Matthew|W|Anchorage|AK|99501|USA|2026-02-17|694.08|2026-04-18|703.86
9695|White|Mark|O|Los Angeles|CA|90012|USA|2026-02-08|739.83|2026-06-12|739.57
7592|Roberts|Anthony|B|Billings|MT|59101|USA|2026-04-26|1433.63|2026-05-12|1442.22
6563|Nguyen|Michael|M|Albuquerque|NM|87102|USA|2026-05-04|518.86|2026-05-20|514.98
7373|Jackson|Robert|K|Detroit|MI|48226|USA|||2026-05-16|
6378|Nguyen|Matthew|Y|Des Moines|IA|50309|USA|||2026-04-20|66.66
9088|Carter|Patricia|V|Kansas City|MO|64106|USA|2026-04-28|1135.35|2026-05-06|1138.81
6407|Taylor|Michelle|S|Nashville|TN|37203|USA|2026-01-10|2311.88|2026-04-25|2316.04
8500|Allen|David|G|Sioux Falls|SD|57104|USA|2026-03-16|2261.88|2026-04-15|2267.22
6712|Perez|William|W|Boise|ID|83702|USA|2026-02-11|2187.38|2026-04-22|2196.65
7144|Lewis|Linda|Z|Albuquerque|NM|87102|USA|2026-01-01|2460.34|2026-03-05|2457.05
9467|Scott|Ashley|K|Dallas|TX|75201|USA|2026-05-18|1904.55|2026-06-09|1901.50
9281|Thompson|Mary|M|Cheyenne|WY|82001|USA|2026-05-21|2143.11|2026-06-01|2144.03
6228|Clark|Margaret|B|Columbia|SC|29201|USA|||2026-01-31|828.26
7185|Harris|Sandra|T|Portland|ME|04101|USA|2026-02-02|2424.56|2026-06-06|2423.21
9748|Phillips|Robert|E|Burlington|VT|05401|USA|2026-06-12|1811.05|2026-06-15|1814.25
9340|Martin|Jennifer|Z|Louisville|KY|40202|USA|2026-03-12|1372.13|2026-05-06|1381.63
8813|Young|Michael|U|Sioux Falls|SD|57104|USA|2026-01-07|97.06|2026-02-06|105.56
6181|Green|Paul|F|Providence|RI|02903|USA|2026-05-07|2419.95|2026-06-06|2429.45
9695|Hill|Linda|D|Providence|RI|02903|USA|2026-01-06|2352.11|2026-01-19|2359.33
9627|Martin|Lisa|V|Burlington|VT|05401|USA|2026-04-15|10.40|2026-06-06|18.55
8489|Martin|William|R|Charleston|WV|25301|USA|||2026-02-23|
6983|Nelson|Mary|K|Sioux Falls|SD|57104|USA|||2026-03-02|784.43
7211|Rodriguez|Kimberly|E|Columbia|SC|29201|USA|2026-05-29|296.32|2026-06-13|302.92
6561|Brown|Joseph|G|Albuquerque|NM|87102|USA|||2026-03-29|
8834|Torres|Paul|E|Albuquerque|NM|87102|USA|2026-03-12|1810.23|2026-04-16|1817.67
9748|Turner|Susan|K|Los Angeles|CA|90012|USA|||2026-06-02|1113.97
6587|Green|Susan|M|Hartford|CT|06103|USA|||2026-02-12|741.89
9043|Martinez|Sarah|U|Charleston|WV|25301|USA|2026-05-19|1930.32|2026-06-04|1936.16
6994|Parker|Matthew|G|Miami|FL|33130|USA|2026-02-16|1140.58|2026-03-01|1138.06
8093|Thomas|Elizabeth|G|Columbus|OH|43215|USA|2026-02-21|1852.48|2026-03-10|1860.17
6761|Clark|Andrew|M|Newark|NJ|07102|USA|||2026-04-11|836.44
6144|Hill|Betty|S|Newark|NJ|07102|USA|||2026-04-01|5.54
8464|Anderson|Christopher|X|Boise|ID|83702|USA|2026-03-09|1287.42|2026-06-03|1290.47
8473|Clark|Mark|O|Indianapolis|IN|46204|USA|2026-02-08|1245.88|2026-05-06|1240.92
7347|Johnson|Ashley|C|Providence|RI|02903|USA|2026-02-05|245.94|2026-06-18|243.17
7506|Torres|Barbara|G|Louisville|KY|40202|USA|2026-02-05|1049.77|2026-03-07|1045.83
6646|Lee|Karen|W|Birmingham|AL|35203|USA|2026-06-13|768.98|2026-06-15|777.86
6480|Green|William|Y|Dallas|TX|75201|USA|2026-01-13|411.67|2026-04-19|420.47
8090|King|Michelle|Z|Overland Park|KS|66204|USA|2026-03-16|1564.30|2026-06-06|1567.80
9005|Parker|Mary|W|Manchester|NH|03101|USA|2026-02-01|1052.44|2026-05-11|1052.40
8604|Harris|Linda|H|Jackson|MS|39201|USA|2026-01-13|1333.13|2026-03-15|1332.18
8584|Garcia|Barbara|H|Columbus|OH|43215|USA|2026-03-14|2210.02|2026-06-06|2205.66
6982|Martinez|Michelle|G|Manchester|NH|03101|USA|2026-05-27|900.48|2026-06-04|902.10
7578|Anderson|John|G|Miami|FL|33130|USA|||2026-04-02|548.64
6881|Brown|Donald|D|Portland|OR|97205|USA|||2026-03-03|
6026|Thompson|Mark|A|Burlington|VT|05401|USA|2026-03-15|268.77|2026-06-18|269.03
8772|Brown|Donald|J|Baltimore|MD|21201|USA|2026-01-24|1021.15|2026-05-12|1029.24
6592|Scott|David|V|Honolulu|HI|96813|USA|2026-02-23|2406.48|2026-03-25|2410.90
8659|Clark|Charles|G|Detroit|MI|48226|USA|2026-04-30|1124.39|2026-05-11|1131.71
7212|King|Paul|B|Billings|MT|59101|USA|2026-06-03|1710.74|2026-06-15|1720.47
9904|Phillips|Robert|I|Philadelphia|PA|19103|USA|||2026-03-04|227.95
7331|Johnson|Christopher|T|Overland Park|KS|66204|USA|2026-02-05|1321.14|2026-03-31|1317.24
9687|Garcia|Karen|K|Salt Lake City|UT|84101|USA|||2026-05-03|1109.17
8097|Perez|Ashley|C|Chicago|IL|60601|USA|2026-02-05|593.48|2026-03-17|596.11
9117|Johnson|Richard|G|Los Angeles|CA|90012|USA|2026-06-12|513.36|2026-06-18|511.08
7268|Thompson|Donna|I|Wilmington|DE|19801|USA|||2026-05-15|71.36
7002|Lewis|Michael|Y|Fargo|ND|58102|USA|||2026-02-10|1180.32
7198|Rodriguez|Sarah|G|Minneapolis|MN|55401|USA|||2026-03-03|832.21
9727|Anderson|Sandra|Q|Portland|ME|04101|USA|2026-02-12|2203.87|2026-05-26|2205.46
6133|Brown|John|K|Cheyenne|WY|82001|USA|||2026-02-19|959.43
6962|Robinson|Ashley|R|Newark|NJ|07102|USA|||2026-04-03|
8606|Scott|Paul|Z|Boston|MA|02108|USA|2026-02-18|384.55|2026-04-13|380.86
8264|Anderson|Robert|K|Kansas City|MO|64106|USA|2026-05-20|1482.67|2026-06-01|1489.90
9709|Thomas|Nancy|I|Seattle|WA|98101|USA|||2026-03-22|291.33
9906|Perez|Linda|J|Detroit|MI|48226|USA|2026-05-10|2348.04|2026-06-02|2356.65
6827|Brown|Mary|D|Jackson|MS|39201|USA|2026-06-03|347.29|2026-06-13|346.72
9892|Nguyen|Linda|N|Phoenix|AZ|85004|USA|||2026-05-30|387.18
6846|Walker|Charles|A|Los Angeles|CA|90012|USA|||2026-01-02|189.35
8212|Torres|Mark|O|Jackson|MS|39201|USA|2026-01-07|1330.38|2026-06-01|1337.92
8966|Campbell|Michael|D|Salt Lake City|UT|84101|USA|||2026-04-27|879.42
7796|Young|Daniel|D|Omaha|NE|68102|USA|2026-01-01|1533.22|2026-04-21|1531.50
9949|Martin|Michelle|V|Minneapolis|MN|55401|USA|||2026-02-27|822.01
8504|White|Thomas|F|Richmond|VA|23219|USA|||2026-03-02|
7254|Allen|Sandra|W|Providence|RI|02903|USA|2026-02-12|502.00|2026-05-03|501.71
6082|Nelson|Michael|D|Chicago|IL|60601|USA|2026-04-25|1262.34|2026-06-14|1269.13
8314|King|Ashley|I|Boise|ID|83702|USA|2026-05-07|1378.23|2026-06-02|1381.19
8203|Anderson|Daniel|W|Columbia|SC|29201|USA|||2026-05-05|167.28
7624|Green|Christopher|H|Providence|RI|02903|USA|2026-04-23|1951.23|2026-05-22|1951.78
8360|Carter|Karen|H|Little Rock|AR|72201|USA|2026-04-19|1247.15|2026-06-12|1244.69
7211|Young|Betty|H|Honolulu|HI|96813|USA|2026-04-02|422.54|2026-06-08|422.14
9672|Adams|Sandra|Q|Fargo|ND|58102|USA|||2026-05-07|1119.05
8708|Roberts|Betty|U|Newark|NJ|07102|USA|2026-02-28|1381.32|2026-05-24|1381.83
6931|Brown|David|D|Kansas City|MO|64106|USA|2026-01-11|1411.13|2026-03-03|1411.69
7215|Perez|Donna|T|Sioux Falls|SD|57104|USA|2026-05-29|1099.45|2026-06-06|1100.08
6332|Martinez|William|O|Omaha|NE|68102|USA|2026-02-21|160.78|2026-05-22|160.96
9638|Baker|Steven|N|Chicago|IL|60601|USA|||2026-04-30|109.87
8146|Rodriguez|Margaret|U|Newark|NJ|07102|USA|||2026-05-16|1147.06
7590|Phillips|Nancy|W|New York|NY|10001|USA|2026-05-14|2488.34|2026-06-03|2495.44
6222|Clark|Paul|G|Little Rock|AR|72201|USA|2026-01-07|1395.42|2026-04-19|1404.33
9289|Garcia|Paul|Z|Las Vegas|NV|89101|USA|2026-03-30|1179.26|2026-06-17|1180.67
7252|Adams|James|F|Baltimore|MD|21201|USA|||2026-02-13|1116.77
9132|Phillips|David|B|Portland|ME|04101|USA|2026-06-03|2210.51|2026-06-05|2210.74
7071|Brown|Paul|M|Burlington|VT|05401|USA|||2026-05-29|367.65
9838|Hill|Kimberly|L|Albuquerque|NM|87102|USA|||2026-05-21|406.64
8702|Green|John|X|Richmond|VA|23219|USA|2026-04-25|1311.13|2026-06-10|1312.85
6806|Allen|Margaret|I|Baltimore|MD|21201|USA|2026-01-03|1388.59|2026-02-03|1392.90
8655|Parker|James|Z|Oklahoma City|OK|73102|USA|||2026-02-16|889.82
9145|Lewis|Linda|I|Kansas City|MO|64106|USA|||2026-05-29|20.32
7740|Roberts|Charles|I|Portland|ME|04101|USA|2026-05-05|1875.55|2026-05-08|1881.90
7886|Jackson|Donna|A|Little Rock|AR|72201|USA|2026-05-20|780.20|2026-05-22|789.78
6644|Brown|Mark|D|Kansas City|MO|64106|USA|2026-04-09|171.93|2026-04-24|175.34
6474|Clark|Ashley|Y|Milwaukee|WI|53202|USA|2026-01-02|838.10|2026-04-29|833.66
9280|Walker|Joseph|K|Las Vegas|NV|89101|USA|2026-02-13|433.57|2026-03-01|435.87
6198|Campbell|Jennifer|K|New Orleans|LA|70112|USA|2026-04-16|1859.74|2026-05-08|1864.73
6281|Garcia|David|Y|Columbus|OH|43215|USA|2026-05-31|823.73|2026-06-14|826.41
9334|Campbell|Jennifer|H|Miami|FL|33130|USA|2026-05-21|2437.22|2026-06-07|2433.03
6759|Perez|Margaret|T|Detroit|MI|48226|USA|2026-01-10|1757.97|2026-05-06|1767.06
8202|Turner|Charles|W|Charlotte|NC|28202|USA|||2026-05-20|
7797|Wright|Patricia|Y|Birmingham|AL|35203|USA|2026-04-14|2149.84|2026-05-13|2152.00
9191|Walker|Linda|X|Boston|MA|02108|USA|2026-06-05|1572.31|2026-06-12|1569.93
9489|Nelson|Thomas|A|Phoenix|AZ|85004|USA|2026-06-06|1368.12|2026-06-15|1371.77
8859|Baker|Joshua|R|Hartford|CT|06103|USA|||2026-01-31|728.22
8041|White|Steven|L|Phoenix|AZ|85004|USA|2026-02-23|1392.31|2026-05-06|1396.68
9557|Brown|Steven|E|Hartford|CT|06103|USA|||2026-05-12|152.61
6644|Anderson|Paul|G|New York|NY|10001|USA|2026-06-08|850.97|2026-06-15|857.62
9176|Adams|David|M|Portland|OR|97205|USA|2026-06-09|2262.97|2026-06-16|2263.20
7646|Thompson|Richard|A|Los Angeles|CA|90012|USA|||2026-03-10|
9423|Johnson|Sandra|A|Boston|MA|02108|USA|||2026-04-05|178.17
6614|Robinson|Daniel|J|Dallas|TX|75201|USA|2026-03-23|1168.02|2026-05-26|1175.30
6853|Baker|William|N|Boston|MA|02108|USA|2026-04-02|1725.58|2026-06-13|1729.99
9211|Parker|Charles|I|Honolulu|HI|96813|USA|2026-05-22|477.07|2026-05-25|479.55
8831|White|Sandra|D|Providence|RI|02903|USA|||2026-06-13|
6653|Hill|Ashley|M|Nashville|TN|37203|USA|||2026-01-18|369.67
9186|Robinson|Margaret|Y|Portland|ME|04101|USA|2026-05-06|1924.07|2026-06-04|1925.07
7077|Parker|Donald|V|Seattle|WA|98101|USA|||2026-01-22|494.29
7793|Hall|Emily|I|Kansas City|MO|64106|USA|2026-03-06|2263.02|2026-06-12|2261.16
9779|Nguyen|Charles|S|Portland|ME|04101|USA|2026-06-04|1881.70|2026-06-10|1885.05
7141|Scott|Joseph|Y|Chicago|IL|60601|USA|2026-01-09|1319.63|2026-06-01|1328.30
6371|Harris|Michael|F|Detroit|MI|48226|USA|2026-01-09|1663.30|2026-01-26|1664.27
9870|Walker|Ashley|J|Cheyenne|WY|82001|USA|2026-01-04|2246.70|2026-03-01|2249.05
9009|Hall|Mark|D|Portland|OR|97205|USA|||2026-05-10|570.91
7395|Scott|Charles|G|Los Angeles|CA|90012|USA|||2026-03-25|643.16
9852|Garcia|Robert|V|Fargo|ND|58102|USA|2026-01-31|882.56|2026-02-15|878.88
6184|Baker|Betty|Y|Phoenix|AZ|85004|USA|||2026-04-27|551.99
9705|Robinson|Elizabeth|O|Richmond|VA|23219|USA|2026-01-25|795.88|2026-04-23|804.85
9199|Allen|Mary|V|Miami|FL|33130|USA|||2026-06-08|925.09
8873|Nguyen|Thomas|D|Boston|MA|02108|USA|2026-01-29|1871.97|2026-06-16|1881.27
8900|Baker|Michael|O|New Orleans|LA|70112|USA|2026-01-23|953.78|2026-01-27|953.24
6308|Lewis|Anthony|T|Louisville|KY|40202|USA|2026-03-17|725.43|2026-06-13|726.05
7160|Carter|Linda|V|Chicago|IL|60601|USA|2026-06-02|541.49|2026-06-16|550.45
9348|Perez|Barbara|E|Boise|ID|83702|USA|2026-06-06|1705.59|2026-06-14|1712.87
6279|Roberts|John|C|Philadelphia|PA|19103|USA|2026-04-25|2205.34|2026-05-15|2203.06
8025|Scott|Jennifer|T|Salt Lake City|UT|84101|USA|2026-05-17|2479.61|2026-05-21|2489.49
9207|Taylor|Susan|N|Albuquerque|NM|87102|USA|||2026-06-11|149.69
7124|Baker|John|V|Boston|MA|02108|USA|2026-06-15|658.70|2026-06-18|657.67
6810|Phillips|Emily|S|Overland Park|KS|66204|USA|||2026-01-21|774.00
6177|Robinson|Charles|O|Little Rock|AR|72201|USA|||2026-01-22|1144.91
8924|Taylor|James|I|Oklahoma City|OK|73102|USA|||2026-04-12|1109.30
7763|Scott|Steven|D|Kansas City|MO|64106|USA|||2026-03-02|167.21
6988|Phillips|Michael|X|Birmingham|AL|35203|USA|||2026-01-04|521.09
6865|Hall|Sarah|W|Seattle|WA|98101|USA|||2026-05-22|445.88
6936|Garcia|Christopher|G|Seattle|WA|98101|USA|2026-01-27|1443.57|2026-03-26|1445.23
8946|Garcia|Joseph|H|Boston|MA|02108|USA|||2026-03-15|1019.26
6758|Allen|William|R|Denver|CO|80202|USA|||2026-05-06|559.37
9012|Martin|Patricia|B|Seattle|WA|98101|USA|||2026-04-09|472.45
6865|Johnson|Jessica|W|Providence|RI|02903|USA|2026-06-15|218.74|2026-06-18|214.29
8664|Phillips|Elizabeth|C|Los Angeles|CA|90012|USA|||2026-06-18|913.89
9092|Campbell|Michelle|Q|Albuquerque|NM|87102|USA|2026-01-18|2077.30|2026-04-19|2078.52
6341|Hall|Anthony|N|Portland|OR|97205|USA|2026-04-24|1540.14|2026-05-24|1535.20
6899|Martinez|Elizabeth|M|Fargo|ND|58102|USA|2026-04-23|2373.00|2026-06-07|2374.35
7288|Allen|Michelle|M|Portland|ME|04101|USA|||2026-05-30|463.69
7863|Harris|Joshua|M|Miami|FL|33130|USA|||2026-03-02|638.68
7493|Johnson|Daniel|W|Fargo|ND|58102|USA|||2026-05-26|10.46
6796|Rodriguez|Karen|I|Nashville|TN|37203|USA|||2026-01-12|476.57
6286|Walker|David|P|Columbus|OH|43215|USA|||2026-06-02|210.58
6917|Torres|Sarah|F|Boise|ID|83702|USA|2026-05-01|1849.68|2026-05-11|1854.46
9217|Allen|Matthew|C|Portland|ME|04101|USA|2026-04-30|1128.31|2026-06-04|1132.42
7027|Carter|Sandra|P|Providence|RI|02903|USA|2026-05-13|1096.90|2026-06-11|1095.17
6572|Johnson|Mark|K|Las Vegas|NV|89101|USA|||2026-01-14|836.13
8298|Harris|Betty|Y|Salt Lake City|UT|84101|USA|||2026-02-21|759.27
9407|Turner|John|Z|Sioux Falls|SD|57104|USA|2026-05-24|2370.57|2026-06-14|2370.73
9237|Mitchell|Donald|A|Des Moines|IA|50309|USA|2026-02-15|1086.92|2026-03-08|1093.38
7130|Nguyen|Susan|Z|Boise|ID|83702|USA|2026-02-06|1698.76|2026-06-16|1705.02
7989|Garcia|Donna|M|Charlotte|NC|28202|USA|2026-06-09|1004.66|2026-06-16|1006.52
8508|King|Sarah|C|Louisville|KY|40202|USA|2026-04-29|221.80|2026-05-11|220.78
7140|Campbell|Emily|M|Indianapolis|IN|46204|USA|2026-03-31|833.85|2026-05-25|832.65
7095|Adams|Christopher|X|New York|NY|10001|USA|2026-05-09|217.59|2026-05-13|220.82
7527|Clark|James|W|Columbia|SC|29201|USA|2026-05-14|902.66|2026-05-20|903.03
6354|Carter|Lisa|U|Philadelphia|PA|19103|USA|2026-03-28|2200.21|2026-04-24|2210.03
6659|Nguyen|Ashley|O|Phoenix|AZ|85004|USA|2026-02-19|1882.16|2026-05-27|1887.40
9835|Garcia|Christopher|A|Miami|FL|33130|USA|||2026-05-25|166.36
7857|Nguyen|Nancy|C|Portland|OR|97205|USA|2026-03-27|1266.83|2026-04-27|1269.25
6236|Adams|Charles|E|Overland Park|KS|66204|USA|2026-05-01|605.71|2026-05-14|610.98
9684|Parker|Steven|P|Omaha|NE|68102|USA|2026-02-28|1277.89|2026-06-09|1280.74
8714|Turner|Kimberly|E|Portland|ME|04101|USA|2026-04-02|1965.21|2026-05-26|1966.83
8120|Phillips|John|V|Honolulu|HI|96813|USA|||2026-01-16|
9304|Walker|Donald|Z|Anchorage|AK|99501|USA|2026-02-20|2122.71|2026-05-21|2124.69
7767|Smith|Karen|E|Sioux Falls|SD|57104|USA|2026-04-15|848.62|2026-05-07|845.44
9120|Thompson|Charles|F|Anchorage|AK|99501|USA|2026-03-27|395.68|2026-05-12|399.37
9200|Smith|Joseph|G|Boise|ID|83702|USA|||2026-03-17|1058.16
7582|Thomas|Joseph|O|Las Vegas|NV|89101|USA|||2026-01-04|18.92
8330|Parker|Joseph|Y|Salt Lake City|UT|84101|USA|2026-01-26|650.59|2026-02-16|652.54
7684|Brown|Anthony|Z|Newark|NJ|07102|USA|||2026-05-31|342.62
6901|Thompson|Joshua|Q|Billings|MT|59101|USA|2026-04-27|2400.25|2026-06-02|2402.30
9047|Green|William|W|Burlington|VT|05401|USA|||2026-04-08|767.30
6120|Adams|William|R|Phoenix|AZ|85004|USA|2026-05-22|1990.92|2026-06-01|1993.22
8850|Hall|Paul|R|Charlotte|NC|28202|USA|2026-04-30|1239.24|2026-06-06|1238.67
9644|King|Mary|X|Los Angeles|CA|90012|USA|2026-03-16|1132.92|2026-04-03|1129.44
9355|Jackson|Robert|D|Nashville|TN|37203|USA|||2026-05-20|856.83
8705|Nguyen|Susan|B|Minneapolis|MN|55401|USA|2026-03-16|198.00|2026-04-07|202.74
7296|Parker|Robert|U|Atlanta|GA|30303|USA|||2026-01-12|452.57
6999|Adams|Emily|B|Salt Lake City|UT|84101|USA|2026-05-30|2417.17|2026-06-05|2419.57
7638|Turner|James|K|Burlington|VT|05401|USA|2026-02-14|1117.06|2026-04-05|1113.99
7415|White|Michelle|O|Des Moines|IA|50309|USA|2026-05-05|2006.96|2026-05-22|2014.48
8533|Jackson|Elizabeth|W|Columbia|SC|29201|USA|2026-02-01|2387.34|2026-03-24|2391.84
8836|Baker|Michael|N|Louisville|KY|40202|USA|2026-01-24|1446.71|2026-05-09|1442.45
8537|White|Steven|P|Salt Lake City|UT|84101|USA|2026-04-18|775.28|2026-05-21|778.34
6552|Harris|Charles|T|Charlotte|NC|28202|USA|2026-05-10|1610.87|2026-05-23|1618.45
6323|Lewis|Donna|L|Omaha|NE|68102|USA|||2026-03-24|1035.00
6858|Robinson|Sarah|W|Oklahoma City|OK|73102|USA|||2026-01-25|
6351|Perez|Susan|C|Los Angeles|CA|90012|USA|||2026-02-04|661.20
8890|Martin|Daniel|A|Miami|FL|33130|USA|2026-02-27|1338.72|2026-03-04|1340.15
9039|Carter|Lisa|L|Cheyenne|WY|82001|USA|2026-01-30|2377.38|2026-03-20|2385.34
7938|Rodriguez|Linda|Y|Little Rock|AR|72201|USA|2026-01-22|67.67|2026-06-12|64.98
6837|Torres|Anthony|L|Des Moines|IA|50309|USA|2026-03-04|1147.08|2026-06-14|1144.22
6985|Allen|Daniel|L|Columbus|OH|43215|USA|2026-01-08|2404.00|2026-05-01|2409.10
8788|Garcia|William|E|Boston|MA|02108|USA|2026-03-13|2422.81|2026-05-10|2427.48
7985|Walker|Jessica|B|Minneapolis|MN|55401|USA|||2026-02-25|913.49
6510|Clark|Elizabeth|L|Little Rock|AR|72201|USA|2026-03-07|1558.93|2026-04-26|1557.81
8533|Taylor|Barbara|Y|Boise|ID|83702|USA|2026-06-12|1667.90|2026-06-15|1675.33
7252|King|Kimberly|L|Fargo|ND|58102|USA|2026-03-05|1410.96|2026-05-18|1420.29
7969|Baker|Patricia|R|Charleston|WV|25301|USA|2026-02-14|1371.97|2026-04-15|1373.01
7498|Scott|William|J|Boise|ID|83702|USA|||2026-02-17|934.23
6617|Nelson|Thomas|P|Columbia|SC|29201|USA|2026-05-22|1391.62|2026-06-06|1391.10
9871|Taylor|Daniel|E|Oklahoma City|OK|73102|USA|||2026-05-26|89.19
7416|Lee|Jennifer|T|Salt Lake City|UT|84101|USA|2026-01-29|1165.89|2026-06-14|1167.42
7793|Rodriguez|Susan|Y|Burlington|VT|05401|USA|2026-06-04|360.67|2026-06-14|356.97
6726|Parker|Karen|T|Hartford|CT|06103|USA|2026-05-15|247.53|2026-06-02|252.29
6893|Lee|Thomas|B|Milwaukee|WI|53202|USA|2026-04-08|2122.99|2026-05-02|2119.09
7849|Perez|William|W|Atlanta|GA|30303|USA|2026-06-01|318.54|2026-06-05|321.04
9998|Wright|Michael|J|Kansas City|MO|64106|USA|2026-01-13|979.03|2026-03-08|978.33
8824|Phillips|Andrew|H|Fargo|ND|58102|USA|2026-02-26|951.75|2026-03-15|946.80
9728|Campbell|John|O|Las Vegas|NV|89101|USA|2026-03-22|2403.64|2026-05-30|2403.34
7963|Nelson|Christopher|P|Cheyenne|WY|82001|USA|||2026-01-28|
8095|Thompson|Donna|Q|Denver|CO|80202|USA|2026-03-03|2399.73|2026-04-14|2400.26
9964|Anderson|Barbara|M|Kansas City|MO|64106|USA|||2026-04-20|787.25
7368|King|Mary|S|Omaha|NE|68102|USA|2026-05-08|1772.46|2026-05-14|1770.62
8280|Hall|Lisa|E|Louisville|KY|40202|USA|2026-01-27|2451.63|2026-06-08|2459.76
9135|Hall|Linda|E|Cheyenne|WY|82001|USA|||2026-05-06|1020.69
6563|Jackson|Donald|J|Nashville|TN|37203|USA|||2026-02-25|850.27
9745|Harris|Andrew|S|Billings|MT|59101|USA|||2026-04-23|384.68
8363|Turner|Barbara|W|Detroit|MI|48226|USA|2026-06-03|365.37|2026-06-18|365.15
7311|Lee|Patricia|Y|Fargo|ND|58102|USA|2026-05-23|2254.80|2026-06-05|2255.25
7195|Green|Michael|I|Minneapolis|MN|55401|USA|||2026-04-15|258.37
6256|Scott|Christopher|Y|Chicago|IL|60601|USA|2026-05-20|2495.57|2026-06-14|2500.48
7934|Carter|Daniel|Y|Newark|NJ|07102|USA|2026-02-03|1116.34|2026-06-18|1118.63
8840|Mitchell|David|H|Fargo|ND|58102|USA|2026-03-17|583.63|2026-04-20|592.63
7512|Walker|John|H|Seattle|WA|98101|USA|2026-04-01|1549.94|2026-05-03|1552.65
9340|Carter|Mary|L|Newark|NJ|07102|USA|2026-05-16|880.80|2026-06-17|890.50
6799|Allen|Karen|X|Phoenix|AZ|85004|USA|||2026-01-01|1198.56
7287|Thomas|Anthony|O|Los Angeles|CA|90012|USA|2026-02-12|1578.98|2026-05-21|1579.58
6678|Adams|Ashley|F|Philadelphia|PA|19103|USA|||2026-03-21|
9057|King|Patricia|J|Milwaukee|WI|53202|USA|2026-03-21|1392.86|2026-05-05|1399.14
7062|Martinez|Mark|B|Richmond|VA|23219|USA|2026-06-09|660.99|2026-06-12|656.62
6903|Rodriguez|Christopher|F|Columbus|OH|43215|USA|2026-02-01|1717.98|2026-04-21|1719.62
7243|Parker|John|D|Oklahoma City|OK|73102|USA|2026-04-01|2304.36|2026-05-20|2304.00
9003|Perez|Paul|A|Jackson|MS|39201|USA|||2026-05-10|207.84
6047|Taylor|Barbara|K|Indianapolis|IN|46204|USA|||2026-02-13|145.89
8848|Turner|Charles|G|Wilmington|DE|19801|USA|2026-01-16|1683.96|2026-02-24|1687.72
8961|Young|Margaret|H|Denver|CO|80202|USA|2026-01-09|131.06|2026-02-24|140.17
9728|Taylor|Mark|W|Miami|FL|33130|USA|||2026-02-13|733.98
9782|Carter|Sandra|Q|Oklahoma City|OK|73102|USA|2026-04-01|2399.39|2026-05-18|2405.31
7160|Nelson|Linda|Z|Indianapolis|IN|46204|USA|2026-03-19|1129.04|2026-04-12|1137.99
9088|Garcia|James|F|New York|NY|10001|USA|2026-02-08|991.46|2026-04-11|998.61
7148|Brown|John|J|Wilmington|DE|19801|USA|2026-04-15|1455.64|2026-05-06|1451.00
8268|Walker|Michelle|G|Denver|CO|80202|USA|2026-05-20|626.71|2026-06-08|630.82
9791|Perez|Emily|H|Albuquerque|NM|87102|USA|2026-02-07|2075.29|2026-06-11|2083.87
7841|Allen|Matthew|Q|Portland|OR|97205|USA|2026-04-09|2318.91|2026-05-02|2316.90
9100|Robinson|Mark|V|Little Rock|AR|72201|USA|2026-01-22|1749.42|2026-05-29|1745.97
8047|Phillips|Donald|H|Las Vegas|NV|89101|USA|2026-02-25|1493.06|2026-06-04|1501.26
7817|Parker|Anthony|W|Los Angeles|CA|90012|USA|2026-03-17|2461.42|2026-04-25|2464.56
6352|Johnson|Steven|H|Las Vegas|NV|89101|USA|||2026-01-20|406.28
9968|Lee|Christopher|A|Charlotte|NC|28202|USA|||2026-03-17|590.06
9160|Campbell|Betty|K|Portland|ME|04101|USA|2026-03-07|1224.60|2026-06-02|1233.10
7710|Thompson|Joseph|K|Las Vegas|NV|89101|USA|||2026-02-08|158.65
9530|Smith|James|X|Los Angeles|CA|90012|USA|2026-02-15|948.71|2026-05-01|947.50
7469|Jackson|Emily|R|Atlanta|GA|30303|USA|2026-02-14|1939.22|2026-04-28|1937.14
9409|Phillips|Anthony|N|Detroit|MI|48226|USA|2026-04-27|92.07|2026-05-05|95.16
7363|Allen|Jennifer|D|Honolulu|HI|96813|USA|2026-01-22|1548.22|2026-06-07|1546.41
9847|Clark|Richard|I|Little Rock|AR|72201|USA|2026-06-13|1732.64|2026-06-18|1742.42
7418|Scott|Elizabeth|K|Los Angeles|CA|90012|USA|2026-04-16|2061.46|2026-05-03|2067.14
8592|Young|William|Q|Columbus|OH|43215|USA|2026-01-17|2001.27|2026-05-30|2001.73
7546|Garcia|Elizabeth|E|Jackson|MS|39201|USA|||2026-02-07|1039.40
6351|Thomas|Joshua|I|Boise|ID|83702|USA|||2026-01-06|
6479|Torres|Michael|G|Dallas|TX|75201|USA|2026-05-03|215.24|2026-06-05|223.29
9908|Garcia|Daniel|E|Cheyenne|WY|82001|USA|2026-06-11|1492.28|2026-06-18|1494.99
7318|Allen|Daniel|H|Newark|NJ|07102|USA|2026-05-10|416.30|2026-06-06|425.09
6916|Hill|Mark|T|Kansas City|MO|64106|USA|2026-05-22|941.58|2026-06-04|940.08
8064|Rodriguez|Ashley|W|Columbia|SC|29201|USA|2026-04-08|1883.67|2026-06-17|1882.13
9862|Adams|Betty|F|Burlington|VT|05401|USA|||2026-02-11|561.02
8092|Carter|Mary|V|Kansas City|MO|64106|USA|2026-05-24|1214.04|2026-06-07|1211.13
8402|Nguyen|Joseph|S|Sioux Falls|SD|57104|USA|2026-04-19|2041.49|2026-05-12|2036.88
7162|Green|Mark|J|Birmingham|AL|35203|USA|2026-02-23|27.23|2026-06-07|35.87
8170|Thomas|Thomas|M|Baltimore|MD|21201|USA|2026-03-28|1801.15|2026-04-03|1801.50
6730|Adams|Christopher|R|Philadelphia|PA|19103|USA|2026-01-24|1607.25|2026-05-31|1607.61
7355|Martinez|Karen|P|Dallas|TX|75201|USA|2026-03-17|258.66|2026-04-06|259.75
6144|Hill|Joseph|A|Kansas City|MO|64106|USA|2026-01-17|288.78|2026-04-27|289.49
7696|Hall|Lisa|D|Seattle|WA|98101|USA|2026-03-26|413.49|2026-05-16|410.53
6529|Nguyen|William|B|Los Angeles|CA|90012|USA|||2026-05-18|475.03
6935|Jackson|William|G|Philadelphia|PA|19103|USA|2026-02-18|2277.14|2026-03-25|2274.19
7797|Garcia|Jennifer|D|Louisville|KY|40202|USA|2026-01-12|842.38|2026-02-13|847.83
7692|Scott|Mary|G|Richmond|VA|23219|USA|||2026-01-04|1110.79
6907|Roberts|Donald|I|Portland|ME|04101|USA|2026-01-12|1084.27|2026-03-30|1079.82
6255|Baker|Sarah|Z|Boise|ID|83702|USA|||2026-04-09|1097.75
8094|Thompson|Robert|X|Minneapolis|MN|55401|USA|2026-03-24|961.26|2026-06-15|964.54
9257|Thompson|Kimberly|N|Charleston|WV|25301|USA|2026-02-11|182.89|2026-06-13|191.46
8847|Martinez|John|T|Wilmington|DE|19801|USA|2026-05-23|2003.32|2026-06-05|2007.79
8923|Parker|Emily|Z|Omaha|NE|68102|USA|||2026-04-30|966.47
8441|Rodriguez|John|H|Dallas|TX|75201|USA|2026-03-25|1482.67|2026-05-10|1484.91
8637|King|James|H|Los Angeles|CA|90012|USA|2026-05-27|2467.56|2026-06-02|2467.30
7074|Harris|John|Z|Hartford|CT|06103|USA|||2026-04-18|305.75
7923|Martinez|Jessica|H|Wilmington|DE|19801|USA|||2026-02-22|598.78
8958|Perez|Matthew|U|Fargo|ND|58102|USA|2026-04-05|1420.22|2026-06-05|1425.65
7380|Lee|Jessica|A|Billings|MT|59101|USA|2026-04-03|813.22|2026-05-02|818.35
9138|Perez|David|H|Salt Lake City|UT|84101|USA|||2026-06-07|
8347|Garcia|Donald|M|Birmingham|AL|35203|USA|2026-01-01|1291.49|2026-01-06|1295.76
6380|Thomas|Barbara|I|Phoenix|AZ|85004|USA|2026-05-05|2466.11|2026-06-13|2469.75
7974|Turner|Christopher|V|Providence|RI|02903|USA|2026-05-25|1647.79|2026-06-16|1648.08
8612|Thomas|Joshua|D|Newark|NJ|07102|USA|2026-01-21|418.36|2026-06-18|424.27
7176|Walker|Charles|D|Indianapolis|IN|46204|USA|2026-05-23|1967.28|2026-06-01|1969.77
8337|Baker|Jessica|D|Oklahoma City|OK|73102|USA|||2026-06-14|714.74
9032|Baker|Joshua|T|Manchester|NH|03101|USA|2026-03-22|2052.95|2026-06-11|2052.09
7657|Adams|Jessica|K|Albuquerque|NM|87102|USA|||2026-04-23|1124.97
8929|Harris|Ashley|V|Salt Lake City|UT|84101|USA|||2026-03-28|1150.55
7268|Thomas|Paul|Q|Honolulu|HI|96813|USA|2026-03-04|167.07|2026-05-29|175.47
6962|Turner|David|Z|Billings|MT|59101|USA|2026-06-11|1760.61|2026-06-16|1758.07
9934|Walker|Michael|W|Boise|ID|83702|USA|||2026-01-25|960.43
9610|Garcia|Anthony|A|Kansas City|MO|64106|USA|2026-03-18|2252.44|2026-03-27|2254.75
8516|Parker|Sarah|O|Chicago|IL|60601|USA|2026-06-08|1818.91|2026-06-18|1823.48
7799|Turner|Steven|G|Hartford|CT|06103|USA|||2026-05-15|
7140|Rodriguez|Andrew|D|Columbia|SC|29201|USA|2026-02-11|2083.64|2026-03-13|2079.66
8274|Martin|Michelle|Q|Portland|OR|97205|USA|||2026-02-22|
6898|Torres|Lisa|Y|Sioux Falls|SD|57104|USA|||2026-02-16|812.43
6921|Robinson|David|B|Oklahoma City|OK|73102|USA|2026-02-14|1279.18|2026-06-02|1287.60
6645|Hall|Charles|J|Charlotte|NC|28202|USA|2026-06-06|1345.12|2026-06-13|1346.59
6233|Mitchell|Steven|E|Denver|CO|80202|USA|||2026-06-09|505.14
9969|Campbell|Betty|P|Columbia|SC|29201|USA|2026-04-19|1943.04|2026-05-29|1950.30
8869|Nguyen|Karen|S|Little Rock|AR|72201|USA|2026-04-28|1755.77|2026-06-08|1765.28
8662|Torres|Jennifer|T|Hartford|CT|06103|USA|||2026-02-18|287.37
7683|Green|Michael|W|Billings|MT|59101|USA|||2026-03-28|820.84
7303|Young|Michael|Q|Columbus|OH|43215|USA|2026-04-27|1845.56|2026-06-18|1846.83
6602|Mitchell|Ashley|F|Manchester|NH|03101|USA|||2026-02-26|91.03
6873|Jackson|Joseph|G|Chicago|IL|60601|USA|2026-06-08|1424.54|2026-06-10|1429.12
8657|Young|Margaret|G|Birmingham|AL|35203|USA|2026-02-06|254.47|2026-02-24|263.00
7856|Hall|Donna|Q|Honolulu|HI|96813|USA|||2026-02-06|1147.57
6076|Lee|David|K|Kansas City|MO|64106|USA|2026-06-14|1294.23|2026-06-16|1297.78
9634|Adams|Matthew|O|Richmond|VA|23219|USA|2026-01-07|1085.23|2026-03-30|1086.18
7099|Robinson|Paul|Y|Des Moines|IA|50309|USA|2026-04-17|384.06|2026-04-25|380.64
8266|King|Sarah|M|Detroit|MI|48226|USA|2026-03-01|646.64|2026-03-26|643.14
9378|Baker|Joshua|T|Kansas City|MO|64106|USA|2026-04-18|1868.55|2026-05-30|1875.75
7131|Lee|David|Q|Kansas City|MO|64106|USA|||2026-05-23|781.21
8854|Garcia|Michelle|Y|Los Angeles|CA|90012|USA|||2026-05-26|687.85
9826|Jackson|Andrew|B|Burlington|VT|05401|USA|2026-06-02|2201.15|2026-06-09|2200.65
6964|Thompson|Sarah|K|Louisville|KY|40202|USA|2026-01-12|857.59|2026-02-13|864.13
8369|Phillips|Susan|L|Detroit|MI|48226|USA|2026-06-14|1775.75|2026-06-16|1774.22
6999|Robinson|Susan|D|Portland|OR|97205|USA|2026-04-06|1016.66|2026-04-16|1011.98
7787|Taylor|Robert|T|Cheyenne|WY|82001|USA|2026-06-04|362.84|2026-06-10|370.52
9671|Lee|Lisa|A|Milwaukee|WI|53202|USA|2026-06-01|2425.36|2026-06-10|2431.83
8919|King|Ashley|H|Las Vegas|NV|89101|USA|2026-02-06|1455.07|2026-04-21|1453.38
8410|Taylor|Jessica|D|Providence|RI|02903|USA|2026-03-06|1725.53|2026-05-21|1735.13
9222|Parker|Betty|Q|Wilmington|DE|19801|USA|2026-06-13|328.49|2026-06-17|335.76
8093|King|Donna|C|Honolulu|HI|96813|USA|2026-05-09|82.69|2026-05-15|89.68
7915|Harris|Emily|O|Charlotte|NC|28202|USA|2026-04-28|1438.79|2026-05-13|1434.41
6088|Mitchell|Joseph|C|Dallas|TX|75201|USA|2026-04-25|1775.08|2026-05-31|1783.11
8946|Campbell|Elizabeth|L|Sioux Falls|SD|57104|USA|||2026-02-27|280.36
7034|Phillips|Steven|B|Birmingham|AL|35203|USA|2026-02-18|1186.29|2026-05-19|1188.35
9871|Taylor|David|R|Nashville|TN|37203|USA|2026-03-20|397.91|2026-04-05|395.61
8858|Adams|Mary|H|New York|NY|10001|USA|||2026-06-14|849.14
8953|Thompson|Donald|L|Nashville|TN|37203|USA|2026-02-05|123.80|2026-04-16|120.50
7596|Mitchell|Michelle|B|Baltimore|MD|21201|USA|2026-04-11|528.75|2026-04-24|525.28
9489|Mitchell|Richard|A|Miami|FL|33130|USA|||2026-04-27|783.50
9524|Martinez|Jessica|U|Sioux Falls|SD|57104|USA|2026-06-14|1383.10|2026-06-17|1390.84
9720|Lewis|Thomas|U|Salt Lake City|UT|84101|USA|2026-06-09|815.20|2026-06-11|818.54
7982|Walker|Joseph|M|Little Rock|AR|72201|USA|2026-01-26|1555.16|2026-05-29|1555.65
7354|Perez|James|P|Hartford|CT|06103|USA|2026-05-27|2034.05|2026-05-29|2036.93
6289|Roberts|Anthony|V|Little Rock|AR|72201|USA|||2026-05-01|792.57
8640|Garcia|Charles|Z|Newark|NJ|07102|USA|||2026-06-10|637.21
9272|Carter|Daniel|J|Manchester|NH|03101|USA|2026-04-13|2058.75|2026-05-03|2058.03
7630|Perez|William|F|Salt Lake City|UT|84101|USA|2026-06-05|2340.58|2026-06-15|2336.43
9580|Johnson|Elizabeth|F|Des Moines|IA|50309|USA|2026-01-26|897.97|2026-06-01|898.13
6253|Lee|Richard|A|Philadelphia|PA|19103|USA|||2026-02-19|417.53
6821|Taylor|Sarah|T|Honolulu|HI|96813|USA|2026-04-19|1246.14|2026-06-15|1254.61
7115|Taylor|Anthony|Z|Detroit|MI|48226|USA|2026-01-09|1657.62|2026-01-23|1666.57
9195|Martinez|Mary|A|Portland|OR|97205|USA|||2026-01-06|879.38
9866|Scott|Matthew|G|Omaha|NE|68102|USA|2026-06-06|288.13|2026-06-17|292.80
9667|Lee|Jennifer|G|Minneapolis|MN|55401|USA|2026-02-14|1506.03|2026-04-27|1507.08
8105|Hill|Sarah|Q|Cheyenne|WY|82001|USA|||2026-03-09|520.68
6134|Martin|Karen|Y|Columbia|SC|29201|USA|2026-03-06|640.93|2026-06-11|644.43
6333|Harris|Lisa|P|Seattle|WA|98101|USA|||2026-04-18|460.66
8635|Adams|Sandra|L|Seattle|WA|98101|USA|2026-02-23|1965.78|2026-04-01|1973.44
8042|Adams|Michael|N|Birmingham|AL|35203|USA|2026-04-04|1037.31|2026-05-30|1035.88
9093|Hill|Paul|L|Boise|ID|83702|USA|2026-01-04|274.60|2026-04-18|276.03
8143|Turner|Mark|O|Richmond|VA|23219|USA|||2026-04-20|414.07
8971|White|William|D|Cheyenne|WY|82001|USA|||2026-04-13|1101.43
9232|Smith|Kimberly|H|Chicago|IL|60601|USA|2026-05-24|1592.38|2026-06-01|1587.67
8261|White|Mark|U|Cheyenne|WY|82001|USA|2026-06-03|2380.36|2026-06-05|2390.27
9019|King|David|C|Little Rock|AR|72201|USA|2026-02-11|2232.86|2026-03-21|2235.02
8989|Harris|Elizabeth|T|Charlotte|NC|28202|USA|||2026-04-03|717.39
7063|Garcia|Anthony|W|New Orleans|LA|70112|USA|2026-01-03|1109.82|2026-05-16|1111.35
8951|Hall|John|U|Chicago|IL|60601|USA|2026-05-27|2106.45|2026-06-18|2102.39
9849|Baker|Emily|Y|Dallas|TX|75201|USA|2026-06-07|1685.71|2026-06-16|1693.83
9941|Thomas|Charles|B|Indianapolis|IN|46204|USA|2026-05-13|1174.47|2026-06-11|1173.71
9824|Hall|Donna|N|Wilmington|DE|19801|USA|||2026-02-18|1132.42
6639|Robinson|Steven|X|Boston|MA|02108|USA|2026-04-24|1114.59|2026-06-03|1118.08
7408|Hill|Margaret|K|Newark|NJ|07102|USA|2026-04-01|1202.18|2026-06-03|1208.38
9978|Scott|Sarah|O|Honolulu|HI|96813|USA|2026-01-04|910.15|2026-05-08|918.38
7895|Robinson|Richard|H|Atlanta|GA|30303|USA|2026-02-13|2147.12|2026-02-20|2146.03
6430|Thompson|Anthony|Q|Portland|OR|97205|USA|2026-02-01|2370.32|2026-04-09|2375.56
8520|Smith|Elizabeth|P|Des Moines|IA|50309|USA|||2026-01-05|18.10
6683|Phillips|Margaret|B|Jackson|MS|39201|USA|2026-01-31|999.74|2026-05-05|995.86
6681|Nelson|Andrew|U|Nashville|TN|37203|USA|2026-06-16|1755.38|2026-06-18|1763.43
7458|Hill|Patricia|K|Richmond|VA|23219|USA|||2026-03-06|920.91
6383|Perez|Mark|Q|Sioux Falls|SD|57104|USA|2026-02-27|2202.03|2026-04-04|2206.07
8083|Nelson|John|E|Billings|MT|59101|USA|||2026-06-07|388.34
9874|Green|Kimberly|U|Birmingham|AL|35203|USA|2026-01-22|254.92|2026-03-27|253.46
7415|Wright|Jennifer|U|Philadelphia|PA|19103|USA|2026-01-23|1396.24|2026-06-05|1398.93
7429|Lee|Michael|A|Oklahoma City|OK|73102|USA|||2026-06-12|
7908|Jackson|Ashley|R|Philadelphia|PA|19103|USA|2026-04-26|1467.44|2026-06-09|1462.93
9022|Johnson|Emily|K|Little Rock|AR|72201|USA|2026-02-26|1884.47|2026-06-01|1885.74
7074|Torres|Lisa|W|Charlotte|NC|28202|USA|2026-01-06|1392.14|2026-03-14|1395.22
7741|Thomas|Linda|V|Seattle|WA|98101|USA|||2026-02-20|865.44
6204|Baker|Thomas|B|Kansas City|MO|64106|USA|2026-06-14|1055.55|2026-06-17|1054.85
8098|Carter|Susan|E|Charlotte|NC|28202|USA|2026-01-30|2380.32|2026-06-04|2385.83
8675|Hill|Donald|Q|Hartford|CT|06103|USA|2026-02-28|1929.19|2026-04-09|1935.99
7691|Thomas|Margaret|D|Des Moines|IA|50309|USA|||2026-06-08|494.87
7155|Wright|Paul|C|Birmingham|AL|35203|USA|||2026-02-06|346.13
9897|Rodriguez|Elizabeth|H|Columbia|SC|29201|USA|2026-02-07|1444.92|2026-04-02|1441.86
7303|Anderson|Joshua|O|New York|NY|10001|USA|2026-03-14|1411.69|2026-05-21|1421.42
6508|Johnson|Daniel|H|Detroit|MI|48226|USA|2026-01-01|1076.99|2026-03-30|1072.01
6482|Campbell|Anthony|J|Charleston|WV|25301|USA|2026-06-04|391.41|2026-06-18|399.16
9068|Wright|Thomas|J|Dallas|TX|75201|USA|2026-02-19|964.28|2026-05-31|965.99
8175|Lewis|Margaret|A|Seattle|WA|98101|USA|2026-02-15|1664.01|2026-02-19|1661.00
8739|Campbell|Richard|Z|Milwaukee|WI|53202|USA|2026-05-30|1016.49|2026-06-03|1020.63
7042|Rodriguez|Richard|O|Wilmington|DE|19801|USA|2026-04-25|802.23|2026-06-18|806.69
9482|Allen|William|E|Newark|NJ|07102|USA|||2026-02-23|1155.50
9384|Mitchell|Nancy|G|Portland|ME|04101|USA|2026-03-08|1225.04|2026-03-17|1228.45
7294|Turner|Ashley|Q|Providence|RI|02903|USA|2026-01-13|538.14|2026-06-09|544.55
7010|Smith|Joseph|E|Milwaukee|WI|53202|USA|2026-02-09|782.31|2026-05-19|787.73
9203|Hall|Mary|R|Billings|MT|59101|USA|2026-03-27|730.99|2026-05-08|740.33
6280|Johnson|Joshua|Q|Manchester|NH|03101|USA|||2026-02-01|994.26
7288|Baker|Donald|V|Miami|FL|33130|USA|2026-01-16|1136.20|2026-06-18|1133.25
6885|Baker|Elizabeth|D|Birmingham|AL|35203|USA|2026-05-30|1785.66|2026-06-03|1794.23
9502|Wright|Barbara|Q|Atlanta|GA|30303|USA|2026-06-16|2160.84|2026-06-18|2161.25
9686|Robinson|Joseph|H|Las Vegas|NV|89101|USA|||2026-04-28|455.70
6078|Mitchell|Mary|T|Indianapolis|IN|46204|USA|||2026-06-07|791.33
6841|Martin|James|F|Philadelphia|PA|19103|USA|2026-04-10|1893.98|2026-05-08|1900.87
7382|Anderson|Karen|R|Hartford|CT|06103|USA|2026-04-01|1628.18|2026-05-05|1635.73
6085|Thompson|Paul|N|Detroit|MI|48226|USA|2026-04-14|1770.91|2026-05-24|1780.32
9400|Anderson|James|E|Nashville|TN|37203|USA|2026-04-11|566.89|2026-06-10|575.80
9023|Hall|Susan|T|Louisville|KY|40202|USA|2026-01-07|1810.31|2026-06-01|1806.98
8557|Perez|Paul|G|Las Vegas|NV|89101|USA|||2026-01-23|124.08
7680|King|Patricia|V|Baltimore|MD|21201|USA|||2026-03-26|313.75
7171|Jackson|Susan|B|Albuquerque|NM|87102|USA|2026-05-10|741.94|2026-06-13|741.80
7734|Torres|Sandra|J|New Orleans|LA|70112|USA|2026-04-07|2339.75|2026-05-13|2337.07
9680|Lewis|Donna|H|Manchester|NH|03101|USA|2026-01-31|445.48|2026-02-19|455.48
7754|Roberts|Jessica|N|Seattle|WA|98101|USA|2026-03-25|2032.28|2026-04-14|2040.04
8366|Hill|Margaret|W|Des Moines|IA|50309|USA|2026-04-24|2185.80|2026-05-18|2190.46
6635|Roberts|Michelle|R|Portland|OR|97205|USA|2026-01-25|492.91|2026-04-30|493.75
9887|Campbell|Matthew|V|Billings|MT|59101|USA|2026-01-06|2412.14|2026-04-28|2407.67
9289|Martinez|Elizabeth|F|Wilmington|DE|19801|USA|||2026-04-22|200.43
6012|Walker|James|L|Baltimore|MD|21201|USA|2026-05-19|884.78|2026-06-03|886.34
6948|White|Richard|I|Billings|MT|59101|USA|2026-04-05|108.03|2026-05-15|105.23
8284|Turner|Mary|W|Columbus|OH|43215|USA|2026-04-11|1298.67|2026-04-17|1298.91
7699|Garcia|Mark|G|Richmond|VA|23219|USA|2026-06-04|1747.95|2026-06-18|1745.17
8510|Rodriguez|Kimberly|O|Phoenix|AZ|85004|USA|||2026-05-13|534.58
6399|Martin|Sarah|F|Columbus|OH|43215|USA|||2026-05-25|869.24
6422|Scott|William|G|Boise|ID|83702|USA|2026-01-20|2423.87|2026-03-01|2423.94
6668|Campbell|Donna|B|Atlanta|GA|30303|USA|2026-04-27|1394.63|2026-05-06|1398.98
9115|Wright|Donna|Q|Honolulu|HI|96813|USA|2026-01-12|439.72|2026-02-12|447.58
9300|Hill|Ashley|H|Dallas|TX|75201|USA|2026-03-26|1606.95|2026-06-17|1610.01
6146|Robinson|Patricia|F|Phoenix|AZ|85004|USA|2026-03-27|2479.35|2026-04-20|2488.06
9421|Jackson|Michael|J|Denver|CO|80202|USA|2026-02-20|2088.61|2026-06-17|2089.73
7782|Adams|Betty|R|Indianapolis|IN|46204|USA|2026-03-07|1634.52|2026-03-18|1640.26
6321|Campbell|Mary|C|Charleston|WV|25301|USA|||2026-05-27|653.94
6217|Mitchell|Richard|C|Hartford|CT|06103|USA|2026-02-06|1273.89|2026-04-15|1272.32
9285|Smith|Thomas|N|Jackson|MS|39201|USA|||2026-01-23|363.45
7723|Phillips|Nancy|O|Boise|ID|83702|USA|2026-06-09|658.91|2026-06-18|656.40
6229|Walker|Anthony|X|Portland|OR|97205|USA|||2026-02-19|667.35
7918|Robinson|John|Z|Portland|OR|97205|USA|||2026-01-27|1126.07
9954|Roberts|Patricia|W|Des Moines|IA|50309|USA|2026-06-14|1176.10|2026-06-17|1185.89
8218|Campbell|Susan|K|Phoenix|AZ|85004|USA|2026-04-19|1560.48|2026-04-27|1557.98
9697|Scott|James|O|Portland|OR|97205|USA|2026-04-18|2400.44|2026-06-11|2403.46
9353|Young|Margaret|N|Seattle|WA|98101|USA|||2026-03-22|1169.82
7877|Perez|Jessica|Z|Overland Park|KS|66204|USA|2026-01-03|2075.21|2026-04-08|2078.64
9806|Thomas|Sandra|G|Denver|CO|80202|USA|||2026-05-18|893.69
6251|Roberts|Donna|U|Richmond|VA|23219|USA|2026-03-11|72.17|2026-04-04|72.96
8244|Roberts|Joseph|E|Baltimore|MD|21201|USA|2026-01-27|2083.22|2026-05-14|2082.62
9087|King|Michelle|V|Birmingham|AL|35203|USA|2026-03-12|108.74|2026-05-26|105.43
9784|Mitchell|Kimberly|P|Newark|NJ|07102|USA|||2026-05-23|38.16
7557|Nguyen|Kimberly|R|Miami|FL|33130|USA|||2026-06-11|154.87
7380|Campbell|Elizabeth|X|Little Rock|AR|72201|USA|2026-06-06|98.81|2026-06-16|105.45
7149|Harris|Lisa|Y|New York|NY|10001|USA|||2026-01-26|849.12
8177|Rodriguez|Thomas|X|Hartford|CT|06103|USA|2026-01-24|1919.85|2026-05-28|1922.21
8860|Taylor|Donald|X|Minneapolis|MN|55401|USA|||2026-01-25|351.93
9450|Martin|Robert|X|Charlotte|NC|28202|USA|||2026-03-28|1162.08
6990|Robinson|Michelle|B|Sioux Falls|SD|57104|USA|2026-06-13|1754.47|2026-06-17|1751.29
8130|Perez|Steven|F|Minneapolis|MN|55401|USA|2026-06-08|2003.00|2026-06-16|2002.68
6564|Thompson|Ashley|O|Charleston|WV|25301|USA|2026-06-10|1509.23|2026-06-15|1517.94
9707|Rodriguez|William|R|Miami|FL|33130|USA|||2026-05-30|352.70
6805|Thompson|Elizabeth|W|Nashville|TN|37203|USA|||2026-01-14|
9607|Nelson|Mark|D|Los Angeles|CA|90012|USA|2026-05-31|773.49|2026-06-15|775.88
8020|Nguyen|Matthew|R|Boston|MA|02108|USA|2026-01-13|2303.84|2026-03-25|2312.45
8737|Wright|Barbara|P|Omaha|NE|68102|USA|2026-03-07|2077.89|2026-03-31|2078.44
8419|Nguyen|Michael|Y|New York|NY|10001|USA|2026-05-28|934.20|2026-06-11|929.84
6221|Torres|James|Z|Burlington|VT|05401|USA|2026-05-04|751.72|2026-06-10|746.78
9021|Turner|Betty|G|Detroit|MI|48226|USA|2026-04-14|452.15|2026-04-19|450.82
6254|Thompson|Thomas|F|Detroit|MI|48226|USA|2026-04-30|20.07|2026-06-07|17.44
7889|Johnson|Joseph|P|Anchorage|AK|99501|USA|||2026-01-29|869.91
9493|Walker|Daniel|W|Charlotte|NC|28202|USA|||2026-01-16|174.76
6552|Phillips|Joshua|Z|Birmingham|AL|35203|USA|2026-04-05|1035.45|2026-05-14|1038.54
7845|Campbell|Jessica|B|Charlotte|NC|28202|USA|2026-05-15|2327.53|2026-05-28|2333.16
9405|Thomas|Mary|I|Indianapolis|IN|46204|USA|2026-06-01|245.03|2026-06-12|245.97
9508|Wright|Donna|K|Chicago|IL|60601|USA|2026-01-03|1217.01|2026-05-28|1216.29
7009|Adams|Anthony|T|Columbus|OH|43215|USA|2026-01-05|285.75|2026-04-27|287.51
6341|Anderson|Anthony|D|Atlanta|GA|30303|USA|2026-06-05|513.22|2026-06-15|521.22
6448|Robinson|Paul|F|Atlanta|GA|30303|USA|||2026-04-23|1175.90
9288|Martin|Emily|V|Manchester|NH|03101|USA|2026-06-15|1640.33|2026-06-18|1636.58
6658|Scott|Margaret|Z|Sioux Falls|SD|57104|USA|||2026-04-23|
9271|Green|Sandra|D|New Orleans|LA|70112|USA|2026-04-11|930.19|2026-04-25|934.43
7328|Adams|Thomas|N|Chicago|IL|60601|USA|2026-05-23|1150.84|2026-06-05|1146.14
7858|King|Jessica|D|Salt Lake City|UT|84101|USA|||2026-01-23|934.09
7466|Robinson|Linda|P|Detroit|MI|48226|USA|||2026-02-07|298.89
6789|Brown|Sandra|U|Phoenix|AZ|85004|USA|2026-05-24|1282.66|2026-05-28|1282.05
8007|Harris|Charles|S|Birmingham|AL|35203|USA|2026-06-12|1749.46|2026-06-17|1747.03
8742|Harris|Richard|Y|New Orleans|LA|70112|USA|2026-04-25|1106.26|2026-05-18|1105.14
8820|Wright|Donna|I|Cheyenne|WY|82001|USA|2026-02-22|1538.37|2026-03-07|1544.56
9077|Garcia|Richard|I|Oklahoma City|OK|73102|USA|2026-06-09|2046.51|2026-06-17|2049.78
6389|Hill|Paul|D|Hartford|CT|06103|USA|2026-06-13|1443.21|2026-06-15|1438.82
8784|Allen|Ashley|J|Fargo|ND|58102|USA|2026-06-13|1752.36|2026-06-18|1755.40
7049|Carter|Paul|Z|New York|NY|10001|USA|2026-03-17|2457.31|2026-04-23|2456.35
7910|Torres|Christopher|C|Miami|FL|33130|USA|||2026-03-29|953.03
7814|Hall|Daniel|Q|Milwaukee|WI|53202|USA|2026-02-22|1058.48|2026-06-13|1068.27
8105|Jackson|Emily|K|Omaha|NE|68102|USA|2026-06-15|39.64|2026-06-17|47.43
6496|Adams|Sarah|S|Manchester|NH|03101|USA|||2026-05-02|193.94
7543|Carter|Andrew|K|Seattle|WA|98101|USA|||2026-03-12|120.02
6129|Garcia|Karen|A|Portland|OR|97205|USA|2026-01-07|27.96|2026-05-13|26.20
9494|Robinson|Lisa|V|Detroit|MI|48226|USA|||2026-05-19|254.43
6321|Carter|Margaret|H|Richmond|VA|23219|USA|2026-05-23|2394.14|2026-06-09|2397.01
7492|Hill|Donald|D|Chicago|IL|60601|USA|2026-02-14|1325.72|2026-03-08|1328.03
9575|Nguyen|Sandra|B|Chicago|IL|60601|USA|2026-02-07|2079.70|2026-04-02|2079.19
7535|Thomas|Thomas|O|Chicago|IL|60601|USA|2026-04-30|1502.74|2026-06-03|1510.81
7144|Taylor|Jessica|Y|Seattle|WA|98101|USA|2026-04-23|1769.04|2026-06-06|1778.43
8204|Perez|Richard|B|Las Vegas|NV|89101|USA|2026-02-16|2400.71|2026-05-21|2396.40
7461|Campbell|Matthew|R|Sioux Falls|SD|57104|USA|||2026-03-17|322.81
6852|Jackson|Andrew|U|Columbia|SC|29201|USA|||2026-05-20|286.80
9565|Phillips|Kimberly|Y|Des Moines|IA|50309|USA|2026-01-18|2497.72|2026-03-03|2493.42
8990|Brown|Steven|H|Honolulu|HI|96813|USA|||2026-04-24|1193.18
9793|King|Paul|G|Los Angeles|CA|90012|USA|2026-05-14|1696.85|2026-06-06|1696.46
6673|Smith|James|F|Chicago|IL|60601|USA|2026-04-23|1688.00|2026-04-29|1689.89
8998|Mitchell|Michelle|G|Detroit|MI|48226|USA|2026-06-12|241.68|2026-06-18|245.40
7363|Wright|Emily|M|Columbus|OH|43215|USA|||2026-05-20|730.56
8616|Hill|Steven|A|Newark|NJ|07102|USA|||2026-03-11|688.73
6641|Carter|James|D|Anchorage|AK|99501|USA|2026-03-01|2373.59|2026-05-24|2375.76
7133|Hill|Elizabeth|Y|Phoenix|AZ|85004|USA|2026-03-23|558.93|2026-06-10|565.72
6385|Allen|Sarah|A|Charleston|WV|25301|USA|2026-05-13|2257.64|2026-06-06|2267.48
8198|Martinez|Paul|U|Boise|ID|83702|USA|2026-05-17|65.37|2026-05-25|68.84
9806|Thompson|Lisa|Z|Albuquerque|NM|87102|USA|||2026-04-21|1003.31
7858|King|William|L|Richmond|VA|23219|USA|2026-06-08|1313.35|2026-06-10|1319.88
6263|Hill|Robert|W|Oklahoma City|OK|73102|USA|||2026-01-05|628.91
9083|Carter|Betty|U|Columbia|SC|29201|USA|2026-05-23|1236.59|2026-06-17|1233.12
6959|Roberts|Charles|V|Los Angeles|CA|90012|USA|2026-03-14|1695.84|2026-03-16|1704.53
6814|Torres|John|H|Providence|RI|02903|USA|2026-06-02|1995.28|2026-06-04|2002.42
7523|Phillips|Matthew|V|New Orleans|LA|70112|USA|2026-02-15|2181.84|2026-04-18|2178.22
9811|Thomas|Kimberly|Y|Phoenix|AZ|85004|USA|2026-03-20|915.58|2026-04-01|917.26
8821|Mitchell|Steven|M|Jackson|MS|39201|USA|||2026-03-06|331.55
6350|Lewis|Betty|Z|Albuquerque|NM|87102|USA|2026-02-27|713.00|2026-05-23|715.63
8036|Robinson|Joseph|V|Manchester|NH|03101|USA|||2026-05-01|
7017|Carter|William|D|Manchester|NH|03101|USA|||2026-04-10|275.76
6898|Mitchell|Andrew|A|Charlotte|NC|28202|USA|||2026-03-26|664.06
7841|Garcia|Emily|M|Phoenix|AZ|85004|USA|2026-01-26|994.93|2026-04-17|991.17
6099|Green|Margaret|T|Boston|MA|02108|USA|||2026-05-28|
9657|Roberts|Karen|V|Albuquerque|NM|87102|USA|2026-04-20|1153.94|2026-04-26|1151.73
8948|Torres|Mary|K|Columbus|OH|43215|USA|||2026-02-16|1099.49
7186|Adams|Donna|S|Manchester|NH|03101|USA|||2026-05-26|873.81
7955|Roberts|Ashley|L|Seattle|WA|98101|USA|2026-03-28|1220.01|2026-06-10|1215.27
6827|Nelson|Susan|A|Oklahoma City|OK|73102|USA|2026-04-15|1962.08|2026-06-13|1971.46
9330|Taylor|Betty|O|New York|NY|10001|USA|||2026-01-08|178.12
8633|Carter|Joshua|X|Wilmington|DE|19801|USA|2026-05-31|398.74|2026-06-11|399.20
9435|Martin|Susan|V|Oklahoma City|OK|73102|USA|2026-01-02|547.82|2026-01-13|556.44
6558|Young|Susan|J|Des Moines|IA|50309|USA|2026-05-24|1258.80|2026-06-15|1258.89
9564|Mitchell|Elizabeth|M|Louisville|KY|40202|USA|2026-06-12|2102.48|2026-06-15|2098.14
8114|Jackson|Jennifer|H|Boston|MA|02108|USA|2026-06-14|545.78|2026-06-17|552.78
9965|Green|Steven|C|Billings|MT|59101|USA|2026-01-25|769.72|2026-04-03|776.99
8374|Martin|Linda|E|New Orleans|LA|70112|USA|||2026-05-10|139.93
6154|Mitchell|Ashley|J|Albuquerque|NM|87102|USA|2026-04-18|1486.46|2026-04-21|1493.47
8556|Nelson|Elizabeth|Z|Albuquerque|NM|87102|USA|2026-01-26|195.99|2026-04-02|201.23
8533|Turner|Jessica|U|Honolulu|HI|96813|USA|2026-05-13|1592.39|2026-05-31|1592.70
8472|Nelson|James|D|Kansas City|MO|64106|USA|2026-01-02|864.75|2026-05-06|873.14
6304|Martin|Anthony|M|Little Rock|AR|72201|USA|2026-01-07|2454.87|2026-05-26|2461.99
6672|Carter|Sandra|L|Manchester|NH|03101|USA|||2026-01-28|377.49
8877|Robinson|Kimberly|J|Philadelphia|PA|19103|USA|2026-01-14|731.25|2026-06-09|740.29
8349|Johnson|Lisa|K|Burlington|VT|05401|USA|||2026-03-16|862.72
9686|Hall|Thomas|I|Atlanta|GA|30303|USA|2026-03-17|1314.07|2026-06-09|1316.01
8348|Parker|Emily|Y|Detroit|MI|48226|USA|||2026-03-27|851.20
8222|Carter|Ashley|R|Fargo|ND|58102|USA|2026-03-10|2225.84|2026-06-03|2229.30
8171|Parker|Kimberly|W|Philadelphia|PA|19103|USA|2026-02-05|2267.96|2026-03-09|2263.88
6605|Rodriguez|Sandra|S|Columbus|OH|43215|USA|2026-04-21|1597.58|2026-05-01|1600.62
8530|Carter|Joseph|B|Portland|ME|04101|USA|2026-04-04|1176.93|2026-04-26|1175.32
8489|Wright|Paul|Y|Providence|RI|02903|USA|2026-02-28|1920.33|2026-04-25|1928.68
8539|Perez|Ashley|I|Portland|OR|97205|USA|2026-05-11|1477.99|2026-05-20|1481.65
8459|Green|Susan|B|Wilmington|DE|19801|USA|||2026-02-17|1015.38
8479|Mitchell|Matthew|X|Burlington|VT|05401|USA|2026-01-04|271.23|2026-05-29|267.00
7953|Smith|John|A|Boise|ID|83702|USA|2026-04-07|1267.91|2026-04-26|1274.31
8471|Anderson|Michael|V|Salt Lake City|UT|84101|USA|||2026-01-13|599.43
8995|Baker|Patricia|V|Atlanta|GA|30303|USA|2026-05-14|2252.55|2026-05-18|2247.85
6837|Scott|Robert|O|Overland Park|KS|66204|USA|||2026-05-01|416.32
9994|White|Matthew|H|Atlanta|GA|30303|USA|2026-04-05|578.75|2026-05-18|575.65
7291|Hall|Paul|Q|Albuquerque|NM|87102|USA|2026-03-16|1708.66|2026-04-04|1706.03
7987|Nguyen|Joshua|H|Kansas City|MO|64106|USA|||2026-02-26|386.28
8447|Clark|Joseph|R|Kansas City|MO|64106|USA|2026-01-22|2130.78|2026-01-27|2128.66
9396|King|Paul|K|Salt Lake City|UT|84101|USA|2026-06-05|2011.83|2026-06-16|2014.54
8381|Taylor|Donald|E|Birmingham|AL|35203|USA|2026-06-11|841.30|2026-06-18|843.49
7604|Martinez|Betty|J|Little Rock|AR|72201|USA|2026-02-17|1512.81|2026-03-11|1517.88
9718|Thomas|Robert|B|Omaha|NE|68102|USA|2026-02-26|889.88|2026-04-19|895.29
6694|Robinson|Lisa|V|Columbus|OH|43215|USA|2026-01-11|2108.88|2026-04-10|2104.42
6824|Thompson|Lisa|S|New Orleans|LA|70112|USA|2026-03-31|1945.15|2026-04-27|1948.43
6315|Roberts|Daniel|F|Phoenix|AZ|85004|USA|2026-05-21|383.35|2026-05-29|386.44
6702|Taylor|Donna|M|Sioux Falls|SD|57104|USA|2026-06-07|1250.20|2026-06-16|1248.46
7574|White|Joshua|H|Los Angeles|CA|90012|USA|2026-04-09|1070.01|2026-05-05|1069.43
6539|Roberts|Kimberly|P|Minneapolis|MN|55401|USA|2026-02-04|2360.19|2026-03-18|2369.46
8153|Harris|Daniel|U|Miami|FL|33130|USA|2026-04-30|1497.75|2026-06-18|1496.98
6547|Johnson|Charles|W|Little Rock|AR|72201|USA|2026-03-12|1567.30|2026-04-08|1570.81
8266|Baker|Mary|B|Indianapolis|IN|46204|USA|2026-01-11|1135.70|2026-05-14|1143.53
6502|Wright|Elizabeth|J|Cheyenne|WY|82001|USA|2026-04-05|1145.53|2026-05-19|1154.84
8861|Nguyen|Nancy|Q|Nashville|TN|37203|USA|2026-02-19|451.24|2026-03-15|451.00
9155|Thomas|Linda|T|Overland Park|KS|66204|USA|2026-04-01|1631.19|2026-06-06|1631.60
6732|Turner|Matthew|L|Newark|NJ|07102|USA|2026-05-16|1233.51|2026-06-05|1232.91
8183|Walker|Linda|Q|Salt Lake City|UT|84101|USA|2026-02-12|897.51|2026-06-13|896.82
8377|Young|Donna|B|Burlington|VT|05401|USA|2026-05-06|2120.44|2026-06-05|2119.87
7993|Adams|Mark|M|Denver|CO|80202|USA|2026-02-04|861.16|2026-04-26|857.60
9888|Hill|Mark|N|Portland|ME|04101|USA|2026-04-10|1694.29|2026-04-17|1696.31
7061|Lewis|Ashley|I|Seattle|WA|98101|USA|2026-03-16|1849.50|2026-04-06|1846.45
7636|Lee|Kimberly|Q|Honolulu|HI|96813|USA|||2026-01-28|1167.92
8136|Johnson|Barbara|P|Salt Lake City|UT|84101|USA|2026-04-28|1431.23|2026-05-29|1439.60
7629|Roberts|Betty|M|Newark|NJ|07102|USA|2026-02-28|1349.12|2026-04-09|1358.75
8980|Perez|Barbara|A|Los Angeles|CA|90012|USA|2026-03-15|562.14|2026-03-30|571.61
7034|Green|Andrew|F|Billings|MT|59101|USA|2026-03-14|40.71|2026-05-21|36.49
7020|Brown|Nancy|Q|Fargo|ND|58102|USA|2026-03-21|857.00|2026-05-09|856.06
7675|Harris|Barbara|N|Detroit|MI|48226|USA|2026-05-02|1390.97|2026-06-17|1387.76
6718|Clark|Joshua|H|Newark|NJ|07102|USA|2026-06-04|663.46|2026-06-16|671.86
6425|Torres|Robert|W|Charleston|WV|25301|USA|2026-05-26|443.59|2026-06-14|450.47
9923|Allen|Steven|V|New Orleans|LA|70112|USA|2026-04-27|182.07|2026-06-05|183.90
9470|Adams|Barbara|Y|Charleston|WV|25301|USA|||2026-01-14|1160.53
8756|Johnson|Paul|T|New York|NY|10001|USA|||2026-01-01|830.68
7086|Thompson|Barbara|I|Phoenix|AZ|85004|USA|2026-06-01|1080.61|2026-06-09|1090.35
9916|Martinez|Joseph|Y|Anchorage|AK|99501|USA|2026-05-12|1888.27|2026-06-12|1895.38
6383|Harris|Nancy|Q|Miami|FL|33130|USA|2026-04-23|1868.09|2026-05-29|1874.58
7164|Garcia|Linda|F|Oklahoma City|OK|73102|USA|2026-06-06|161.13|2026-06-18|166.97
7274|Green|Lisa|J|Chicago|IL|60601|USA|||2026-06-03|125.93
8411|Perez|Linda|Z|Miami|FL|33130|USA|2026-03-19|441.81|2026-03-21|438.37
7072|Green|Michael|D|Boston|MA|02108|USA|2026-05-01|170.38|2026-05-29|171.32
6181|Lewis|Joshua|J|Charleston|WV|25301|USA|2026-03-30|998.75|2026-05-30|993.87
9735|Parker|Emily|R|Boston|MA|02108|USA|2026-05-08|1123.59|2026-05-24|1122.04
8345|Garcia|Michelle|H|Denver|CO|80202|USA|||2026-02-20|
6870|Anderson|Matthew|E|Overland Park|KS|66204|USA|2026-04-06|207.59|2026-04-27|216.35
8466|White|Betty|D|Charleston|WV|25301|USA|2026-03-02|2362.83|2026-04-23|2364.77
8509|Parker|Sarah|K|Omaha|NE|68102|USA|2026-02-03|1665.54|2026-03-22|1668.18
8712|Brown|Betty|U|Albuquerque|NM|87102|USA|2026-01-26|1912.53|2026-06-15|1910.92
8464|Jackson|Jennifer|I|New Orleans|LA|70112|USA|2026-05-09|2458.79|2026-06-03|2461.20
6783|White|Jennifer|G|Philadelphia|PA|19103|USA|2026-02-07|1934.11|2026-02-24|1934.61
7113|Young|Betty|Y|Louisville|KY|40202|USA|2026-02-10|904.08|2026-03-19|908.53
6278|Roberts|Elizabeth|F|Burlington|VT|05401|USA|2026-01-18|1708.56|2026-05-10|1710.77
6159|Perez|Jennifer|Y|Detroit|MI|48226|USA|2026-03-04|2259.87|2026-04-06|2262.18
7970|Turner|Emily|B|Kansas City|MO|64106|USA|2026-02-27|1996.35|2026-03-13|1998.23
6254|Garcia|William|A|Miami|FL|33130|USA|||2026-03-18|647.46
7771|Adams|Jennifer|K|Philadelphia|PA|19103|USA|2026-02-02|1013.61|2026-05-20|1021.38
9853|Mitchell|Linda|J|Anchorage|AK|99501|USA|||2026-01-30|397.52
9288|Harris|Michelle|J|Boise|ID|83702|USA|2026-02-27|2397.45|2026-05-29|2401.39
7221|Jackson|Christopher|W|Boise|ID|83702|USA|2026-05-15|2056.14|2026-05-29|2063.79
8714|Baker|Barbara|H|Milwaukee|WI|53202|USA|2026-02-15|1382.03|2026-05-03|1390.35
6517|Campbell|Daniel|Z|Honolulu|HI|96813|USA|||2026-02-27|340.55
6436|Rodriguez|Linda|G|Dallas|TX|75201|USA|||2026-01-18|1163.34
6241|Rodriguez|Matthew|V|Oklahoma City|OK|73102|USA|2026-05-06|2355.78|2026-05-08|2355.54
8955|Lee|Karen|B|Birmingham|AL|35203|USA|2026-05-23|427.47|2026-06-02|427.97
8781|Smith|Lisa|I|Boston|MA|02108|USA|2026-06-02|2380.28|2026-06-12|2389.06
6893|Brown|Elizabeth|J|Miami|FL|33130|USA|2026-05-25|1361.41|2026-05-31|1368.65
6192|Smith|Mark|Y|Minneapolis|MN|55401|USA|||2026-05-16|976.27
8805|Clark|Joshua|D|Portland|ME|04101|USA|||2026-01-10|370.46
7972|Robinson|Susan|U|Indianapolis|IN|46204|USA|2026-06-10|1973.56|2026-06-13|1973.09
9346|Allen|Betty|B|Overland Park|KS|66204|USA|2026-06-11|1304.19|2026-06-14|1313.40
8500|Thomas|Patricia|W|Jackson|MS|39201|USA|2026-02-27|198.08|2026-06-08|200.89
6853|Thompson|Sarah|Q|Charlotte|NC|28202|USA|||2026-06-06|340.17
